EDAD,GENERO,CARRERA,EDAD_ELECCION_CARRERA,CARRERA_LO_QREALM_QUERIAS,APASIONA_TUCARRERA,OPORT_LABORALES,FERIAS_EXPO,REC_FINANCIEROS,PASE_AUTOMATICO,PROM_CALIF_MIN,DIST_ALA_UNIV,PRESTIG_TITULO,SALARIO_PROM,PLAN_ESTUDIOS_DETERMINANTE,TIPOS_ESPACIOS,OTROS_TIPO_ESPAC,HABILIDAD1,HABILIDAD2,HABILIDAD3,HABILIDAD4,HABILIDAD5,CALIF_HABIL1,CALIF_HABIL2,CALIF_HABIL3,CALIF_HABIL4,CALIF_HABIL5,ELECC_CARRERA,OTROS_ELEC_CARRERA,MATERIA1,MATERIA2,MATERIA3,MATERIA4,MATERIA5,CALIFM1,CALIFM2,CALIFM3,CALIFM4,CALIFM5,INFLU_MEDIATICA,CARR_PROF_PADRES,,,
22,Hombre,Ingeniería en Computación,18,4,4,2,5,4,1,5,5,1,2,1,Oficinas,,Liderazgo,Proactivo,Innovación,Adaptabilidad,,7,8,6,8,,Personal,,Matematicas,Informatica,,,,9,10,,,,Ninguno,S/carrera,,,
21,Hombre,Ingeniería en Computación,18,4,5,5,5,3,1,1,1,5,3,4,Oficinas,,Analisis,Observacion,Logica,Destreza,R/H,7,9,8,7,6,Personal,,Logica,Informatica,Psicologia,,,10,10,8,,,Web / Redes Soc,Diferente,,,
20,Hombre,Ingeniería en Computación,15,4,5,5,4,4,5,3,3,3,3,4,Oficinas,,Ingenio,Disciplina,Análisis,Lógica,Orden,8,10,8,8,9,Personal,,Calculo,Cibernetica,,,,,,,,,Web / Redes Soc,S/carrera,,,
21,Mujer,Ingeniería en Computación,18,4,4,3,5,5,1,1,1,1,1,4,Oficinas,,Capacidad de análisis,Capacidad de desarrollo,Trabajo en equipo,Hablar otro idioma,Autodidacta,9,9,10,7,10,Personal,,,,,,,,,,,,Ninguno,Diferente,,,
21,Mujer,Ingeniería Eléctrica Electrónica,17,1,4,5,5,1,1,1,3,1,1,1,Oficinas,,Abstraccion,Matemática,,,,9,8,,,,Personal,,Matematicas,Fisica,Idioma,,,8,10,10,,,Web / Redes Soc,Diferente,,,
20,Mujer,Ingeniería Industrial,18,4,5,5,3,5,4,5,3,5,5,5,Oficinas,Industrias,Analisis,Investigacion,Resolver problemas,Atención,Observación,8,8,9,7,9,Personal,,Algebra,Calculo,Probabilidad,Economia,,7,8,8,7,,Ninguno,S/carrera,,,
19,Hombre,Ingeniería en Computación,17,4,4,5,5,4,5,4,1,1,3,1,Extranjero,,Razonamiento,Imaginacion,Creatividad,Adaptacion,Actualizacion,7,8,8,9,7,Personal,,,,,,,,,,,,Web / Redes Soc,S/carrera,,,
22,Hombre,Ingeniería Mecatrónica,18,4,4,5,2,1,1,3,1,1,2,5,Extranjero,,Análisis,Lógica,Aplicación,Destreza,Sociales,9,10,8,9,9,Personal,,Matemáticas,Física,Computación,Química,,10,10,10,9,,Web / Redes Soc,Similar,,,
21,Hombre,Ingeniería en Computación,19,5,5,4,1,2,2,4,4,2,2,4,Oficinas,,Analisis,Memoria,Comprension,Creatividad,Autodidacta,9,8,9,8,8,Personal,,Matemáticas,Física,Informática,,,8,8,9,,,TV/Medios impresos,Diferente,,,
20,Mujer,Ingeniería en Computación,17,5,5,5,5,5,4,2,1,1,1,4,Oficinas,,Comprension,Trabajo en equipo,Logica,Analisis,,8,6,8,8,,Personal,,Matematicas,Computacion,Geometria,,,9,10,8,,,Ninguno,Misma,,,
27,Hombre,Ingeniería Mecánica,15,5,5,5,1,1,1,1,1,4,1,5,Campo,,Analizar,Generar,Estructurar,Investigar,Aplicar,9,9,9,8,10,Personal,,Fisica,Matematicas,Geometria,Quimica,Calculo,9,10,9,8,10,Web / Redes Soc,Diferente,,,
22,Hombre,Ingeniería Geofísica,18,5,4,5,1,5,5,1,1,1,4,5,Campo,,Matemáticas,Programación,Comprension,Condición física,Facilidad de expresión verbal,8,6,8,10,9,Personal,,Geología y mineralogía,Geografía,,,,10,9,,,,Ninguno,Similar,,,
21,Mujer,Ingeniería en Computación,16,5,5,4,2,1,1,1,1,2,2,4,Oficinas,,Perseverancia,Ser observador,Lógica,Tenacidad,Paciencia,10,8,9,9,10,Personal,,Informática,Opción técnica,,,,10,9,,,,Ninguno,Diferente,,,
21,Hombre,Ingeniería en Computación,18,5,4,2,5,5,5,5,5,1,3,4,Oficinas,,Disciplina,Profesionalismo,Proactivo,Curioso,,5,6,9,9,,Personal,,Matemáticas,Lógica,Español,,,10,9,8,,,Ninguno,Diferente,,,
21,Mujer,Ingeniería en Computación,17,4,5,4,5,1,1,1,1,1,1,1,Oficinas,,Inteligencia,Lógica,Paciencia,Disciplina,Perseverancia,9,8,2,7,8,Personal,,Filosofía,Matemáticas,Física,Computación,,6,10,8,9,,Ninguno,Diferente,,,
19,Hombre,Ingeniería en Computación,17,5,5,,4,5,1,1,1,1,3,5,Oficinas,,Sociabilidad,Observación,Analisis,Planeación,,7,9,8,7,,Personal,,Informática,Computacion,Algoritmos,Derecho,TIC,10,10,9,9,9,Ninguno,Similar,,,
19,Hombre,Ingeniería en Computación,18,3,5,3,2,5,5,,3,4,3,1,Oficinas,,Disciplina,Pasion,Responsabilidad,Analisis,,8,9,10,10,,Personal,,Matematicas,Fisica,Logica,,,10,10,10,,,Web / Redes Soc,Diferente,,,
21,Hombre,Ingeniería en Computación,18,2,4,5,5,4,4,4,1,4,3,2,Oficinas,,Creatividad,Pensamiento lógico,Diseño,Habilidad Matematica,Trabajo en equipo,7,8,8,8,9,Personal,,Informatica,Calculo,Logica,Geometria,Algebra,10,8,10,9,10,Web / Redes Soc,Diferente,,,
26,Hombre,Ingeniería en Computación,21,4,5,4,1,2,3,3,2,1,1,4,Extranjero,,Abstraccion,Logica,Habilidad Matemática,Resolución de problemas,Trabajo en equipo,9,8,8,8,5,Personal,,Programacion,Introduccion a la computacion,Redes digitales,Circuitos digitales,Dispositivos digitales,9,10,8,10,9,Web / Redes Soc,S/carrera,,,
22,Hombre,Ingeniería en Computación,17,4,5,4,1,2,1,1,1,5,5,5,Extranjero,,Razonamiento logico,Paciencia,Habilidad Matemática,Resolución de problemas,Abstraccion,8,10,8,8,7,Personal,,Diseño digital,Electronica,Fisica,Algebra,Electronica digital,10,10,10,9,10,Carrera de moda,S/carrera,,,
18,Hombre,Ingeniería en Computación,18,5,5,4,4,1,5,5,1,1,2,1,,,Programar,Logica,Investigacion,Trabajo en equipo,Matematicas,9,10,8,8,9,Personal,,Matematicas,Logica,Informática,,,8,9,8,,,Web / Redes Soc,Diferente,,,
22,Hombre,Ingeniería Geofísica,18,4,5,5,3,4,4,1,1,3,5,5,Campo,,matematica,campo,logica,computacional,interdiciplina,7,9,8,5,10,Personal,,calculo,geografía,fisíca,computación,idiomas,8,9,8,5,8,Web / Redes Soc,Diferente,,,
22,Hombre,Ingeniería Geofísica,17,4,5,2,1,1,4,5,1,4,4,2,Extranjero,,matematica,fisica,analisis,computo,inglés,9,9,10,9,8,Personal,,calculo,etimologicas,fisíca,derecho,psicologia,10,10,10,8,10,Carrera Nueva,Diferente,,,
20,Hombre,Ingeniería Geofísica,17,5,4,5,1,4,5,5,5,5,5,5,Campo,,matematica,lingüistica,fisica,logica,espacial,9,9,9,9,8,Personal,,matematicas,fisica,orientación educativa,etimologicas,derecho,8,7,8,6,9,Ninguno,Diferente,,,
22,Hombre,Ingeniería Geofísica,17,4,4,5,5,5,5,1,5,3,3,5,Otros,todos,matematica,programacion,idiomas,espacial,redaccion,10,8,7,10,8,Personal,,calculo,geometria,derecho,dibujo,fisica,10,9,9,8,9,Ninguno,S/carrera,,,
22,Hombre,Ingeniería Geofísica,18,4,5,5,5,5,5,5,1,4,4,4,Campo,,fisico-matematica,ubiacion,imaginacion espacial,observacion,interpretacion,8,10,8,7,9,Personal,,fisica,quimica,matematicas,redaccio,idiomas,8,8,10,8,8,Ninguno,S/carrera,,,
22,Hombre,Ingeniería Geofísica,17,2,3,3,4,1,1,1,1,1,4,1,Extranjero,,abstracta,matematica,social,logica,redaccion,7,7,8,7,7,Personal,,calculo,fisica,dibujo,pintura,quimica,9,10,10,1,8,Ninguno,S/carrera,,,
21,Hombre,Ingeniería Geofísica,17,4,3,5,2,2,1,1,5,5,5,5,Campo,,fisica,matematica,programacion,inglés,exposicion de temas,9,10,9,10,9,Personal,,calculo,fisica,geometria,derecho,idiomas,9,9,8,8,9,Ninguno,Diferente,,,
21,Mujer,Ingeniería Industrial,18,5,5,5,1,3,2,1,1,1,1,5,Extranjero,,Idioma,Analisis,Lectura,Sensibilidad,Investigacion,8,9,9,9,7,Personal,,Literatura,Historia,Lengua Española,,,10,10,9,,,Ninguno,Diferente,,,
22,Mujer,Ingeniería Industrial,18,4,3,4,5,5,2,3,4,1,1,1,Oficinas,,Habilidad lectora,Ingles,Analisis,Investigacion,,7,8,8,8,,Personal,,Metodologia,Historia,Derecho,Logica,Matematicas,8,8,8,9,8,TV/Medios impresos,Diferente,,,
24,Mujer,Ingeniería Eléctrica Electrónica,19,5,5,4,3,4,1,1,1,3,5,3,,Todos,Matemáticas,Creatividad,Expresion oral y escrita,,,7,7,7,,,Personal,,Fisica,Quimica,Matematicas,,,7,10,8,,,Ninguno,Similar,,,
19,Mujer,Ingeniería en Computación,18,3,3,5,5,2,5,1,4,3,5,5,Oficinas,,Pensamiento abstracto,Analisis,Razonamiento,Creatividad,Organización,7,7,7,5,5,Personal,,Matematicas,Temas selectos de matematicas,,,,10,9,,,,Ninguno,Diferente,,,
22,Hombre,Ingeniería Geológica,17,5,5,5,4,5,2,2,1,1,5,5,Campo,,Liderazgo,Idioma,Trabajo en quipo,Primeros Auxilios,Computación,7,6,10,5,8,Personal,,Algebra,Mecánica,Geografía,Cómputo,Inglés,8,8,10,9,8,Ninguno,Diferente,,,
24,Hombre,Ingeniería en Computación,18,4,4,4,4,4,4,4,4,4,4,4,Oficinas,,Proactivo,Razonamiento,Administración,Liderazgo,Empatía,9,9,9,9,8,Personal,,,,,,,,,,,,Ninguno,S/carrera,,,
23,Hombre,Ingeniería en Computación,18,4,5,5,5,1,5,5,1,2,2,1,Oficinas,,Lógica,Paciencia,Constancia,Ética,Razonamiento,8,10,8,9,8,Familiares,,Física,Estádistica,Cálculo,Geometría,Álgebra,8,10,10,8,9,Ninguno,S/carrera,,,
26,Hombre,Ingeniería en Computación,22,2,5,2,2,5,1,1,1,5,4,4,Oficinas,,Razonamiento,Curiosidad,Creatividad,Lógica,Paciencia,8,8,7,8,10,Personal,,Matemáticas,Física,Diseño,Inglés,Ética,9,8,9,8,9,Ninguno,Similar,,,
25,Hombre,Ingeniería en Computación,15,2,2,5,4,4,5,5,1,4,4,1,Oficinas,,Liderazgo,Trabajo en equipo,Inteligencias,Disciplina,Lógica,8,9,8,7,9,Personal,,Programación,Lógica,Matemáticas,Filosofía,Física,7,8,9,8,8,Ninguno,Similar,,,
21,Hombre,Ingeniería en Computación,16,4,3,5,5,1,3,2,1,2,3,4,Oficinas,,Ingenio,Responsabilidad,Criterio,Pensamiento Analítico,Abstracción,8,7,9,9,8,Personal,,Álgebra,Informática,Geometría Analítica,Física,Cálculo,9,10,8,10,9,Ninguno,Diferente,,,
22,Hombre,Ingeniería en Computación,16,5,5,4,3,2,1,1,1,2,2,3,Oficinas,,Razonamiento,Dedicación,Paciencia,Practicar,Trabajo en equipo,8,8,9,8,7,Personal,,Cálculo,Cibernética,Matemáticas,Física,Computación,,,,,,Web / Redes Soc,Diferente,,,
22,Mujer,Ingeniería Geofísica,17,4,5,5,1,2,3,1,1,4,4,5,Campo,,Programar,Geología,Manejo de equipo,Interpretación,,6,8,8,7,,Personal,,Matemáticas,Cálculo Diferencial,Cálculo Integral,,,9,10,9,,,Web / Redes Soc,Diferente,,,
22,Hombre,Ingeniería en Telecomunicaciones,17,4,4,5,5,4,5,5,5,4,3,3,Oficinas,,Diseño,Resolución de problemas,Habilidades comunicativas,Investigación,Habilidades informáticas,8,9,10,8,9,Personal,,Cálculo,Cibernética,Comunicación,Física,Economía,9,9,10,9,8,Web / Redes Soc,S/carrera,,,
22,Hombre,Ingeniería en Computación,18,4,4,5,1,5,5,4,1,4,5,2,Extranjero,,Ingenio,Programación,Matemáticas,Trabajo en equipo,Eficacia,8,6,9,8,9,Personal,,Matemáticas,Química,Informática,Psicología,Derecho,10,9,9,8,6,Ninguno,Diferente,,,
21,Hombre,Ingeniería en minas y metal urgía ,17,2,3,5,1,4,5,5,2,4,5,1,Campo ,,Resolver problemas,Análisis financiero ,Trabajo en equipo,Idiomas ,Conocimientos de normas,9,9,5,7,6,Otros ,No se exactamente ,Cálculo ,Administración ,Estadística ,Comunicación ,Matemáticas ,8,10,9,10,10,Ninguno ,Similar ,,,
23,Mujer,Ingenieria geológica ,17,4,4,5,2,2,2,2,2,1,2,2,Campo ,,Trabajo en equipo ,Idiomas,Conocimiento del contexto ambiental ,Geohistoria,Lógica ,4,4,5,5,5,Personal ,,Química ,Matemáticas,Física ,Termodinámica ,Probabilidad ,8,8,8,,,Ninguno ,Diferente ,,,
18,Mujer,Ingeniería civil ,15,5,3,4,4,5,5,1,1,2,3,1,Campo ,,Creatividad ,Ingenio ,Rapidez ,Desempeño ,Excelencia ,5,5,5,5,2,Personal ,,Química ,Física ,Cálculo ,,,10,10,6,,,Tv/medios impresos ,Diferente ,,,
18,Mujer,Ingeniería civil ,18,4,4,5,5,5,5,5,2,4,4,4,Campo ,,Imaginación ,Innovación ,Creatividad ,Desempeño ,,8,8,9,8,,Personal ,,Cálculo ,Geometría analítica ,Física ,,,8,9,9,,,Tv/medios impresos ,Diferente ,,,
22,Hombre,Ingeniería civil ,16,5,4,5,5,4,5,2,3,5,5,4,Campo ,,Imaginación ,Capacidad de extracción ,Enseñar ,,,7,8,8,8,,Personal ,,Matemáticas ,Física ,Química ,Dibujo ,,7,10,8,9,,Ninguno ,S/carrera ,,,
20,Hombre,Ingeniería en Computación,18,5,5,4,3,4,5,5,1,1,1,3,Oficinas ,,Lógica ,Razonamiento ,Matemáticas ,Física ,Disciplina ,8,8,7,7,10,Personal ,,Cálculo ,Programación ,Estadística ,Física ,Álgebra ,9,9,9,9,9,Ninguno ,Similar ,,,
24,Hombre,Ingeniería industrial ,18,2,5,4,3,2,4,4,4,4,5,4,Oficinas ,,Razonamiento ,Toma de decisiones ,Ventas ,Trabajo bajo presión ,Matemáticas ,8,9,9,8,6,Personal ,,Matemáticas ,Marketing ,Toma de decisiones ,Manofactura ,Idioma ,6,7,8,8,9,Web / Redes Soc,Diferente ,,,
20,Hombre,Ingeniería en Computación,17,3,4,1,1,3,5,4,2,3,1,3,Extranjero ,,Disciplina ,Creatividad ,Trabajo ,Inteligencia ,Conocimiento ,7,8,6,9,8,Personal ,,Cálculo ,Física ,Álgebra ,Cibernética ,Redacción ,8,9,8,10,7,Tv/medios impresos ,S/carreta ,,,
20,Hombre,Ingeniería en Computación,17,4,5,5,4,5,1,1,1,5,5,4,Extranjero ,,Resolver problemas ,Plantear problemas ,Programar ,Trabajar en equipo ,Comunicación ,8,7,9,8,7,Personal ,,Programación de páginas web ,E-learning,POO,Cálculo ,Inglés ,10,9,10,10,9,Tv/medios impresos ,Diferente ,,,
21,Hombre,Ingeniería en Computación,18,5,5,5,5,2,1,1,1,1,1,5,Oficinas ,,Programación ,Obtener información ,Inglés ,Memoria ,Leer ,8,8,5,7,8,Personal ,,POO,EDA ll,Fundamentos dé programación ,GyPC,L. F. y A. ,8,8,9,7,8,Web / Redes Soc ,Diferente ,,,
23,Hombre,Ingeniería en Computación,16,4,4,5,5,2,1,5,2,4,4,4,Oficinas,,Trabajo en equipo,Paciencia,Responsabilidad,Comprensión,Dedicación,10,8,8,10,6,Personal,,Computación,Matemáticas,,,,10,10,,,,Web / Redes Soc,Diferente ,,,
25,Mujer,Ingeniería en Computación,18,4,4,5,5,5,5,5,5,2,1,1,Oficinas,,Autoaprendizaje,,,,,7,,,,,Personal,,Calculo,Cibernetica,,,,8,10,,,,Carrera de moda,S/carreta ,,,
23,Hombre,Ingeniería en Computación,19,4,2,2,1,1,1,1,1,5,4,1,Oficinas,,Análisis,Creatividad,Toma de decisiones,ser bilingüe,liderazgo,7,7,7,7,6,Personal,,Matemáticas,Física,,,,8,8,,,,Ninguno ,S/carreta ,,,
23,Hombre,Ingeniería en Computación,16,4,5,5,4,5,1,3,5,5,4,5,Oficinas,,Destreza,Estrategia,Retención,Calculo Mental,Imaginación,9,8,8,9,8,Personal,,Calculo,Física,Programación,Química,Ortografía,9,8,8,10,10,Web / Redes Soc,Diferente ,,,
20,Mujer,Ingeniería en Computación,13,5,5,5,5,4,1,1,1,4,1,5,Oficinas,,Trabajo en equipo,Análisis,Resolución de problemas,Lógica,,7,8,8,8,,Personal,,Matemáticas,Computación,Física,Inglés,,9,10,8,9,,Ninguno ,Similar,,,
22,Mujer,Ingeniería en Computación,19,3,4,1,1,4,5,4,2,3,1,3,Oficinas,,Disciplina ,Innovación ,Lógica ,Inteligencia ,Conocimiento ,7,8,6,9,8,Personal ,,Cálculo ,Física ,Álgebra ,,,10,9,10,,,Tv/medios impresos ,S/carreta ,,,
25,Mujer,Ingeniería en Telecomunicaciones,18,2,2,5,5,5,5,5,1,4,4,1,Extranjero,,Autoaprendizaje,ser bilingüe,Dedicación,,,8,9,8,,,Personal,,Física,Programación,Matemáticas,Calculo,,6,8,7,8,,Ninguno,S/carreta ,,,
24,Hombre,Ingeniería Geofísica,20,5,5,5,4,5,2,2,1,1,5,5,Campo,,Liderazgo,ser bilingüe,,,,7,6,,,,Personal,,Algebra,Cómputo,Geografía,Química,,8,6,10,7,,Ninguno,Similar,,,
21,Mujer,Ingeniería en Computación,19,4,3,4,4,5,3,4,4,4,4,4,Oficinas,,Proactivo,Paciencia,Logica,Liderazgo,Empatía,9,8,8,8,6,Personal,,Calculo,Cibernetica,Física,,,6,9,8,,,Ninguno,Similar,,,
22,Mujer,Ingeniería en Computación,17,4,5,2,5,2,5,5,4,2,2,1,Extranjero,,Administración,Razonamiento,Análisis,Inteligencia ,Trabajo en equipo,7,7,9,10,7,Personal,,Cálculo,Estádistica,Álgebra,Programación,Física,9,7,6,6,,Ninguno,Diferente ,,,
19,Hombre,Ingenieria Petrolera,17,3,3,4,1,5,1,1,1,5,5,4,Campo,,Perseverancia,Extrovertido,Liderazgo,Idioma,Radical,9,7,8,7,8,Personal,,calculo,quimica,fisica,geografia,ingles,8,10,9,10,10,TV/Medios impresos,s/carrera,,,
18,Hombre,Ingenieria Petrolera,17,5,5,4,2,4,4,4,3,3,4,4,Campo,,Liderazgo,Idioma,Objetivo,Ingenioso,Radical,8,9,8,8,7,Personal,,calculo,quimica,fisica,ingles,,8,6,9,10,,Ninguno,Diferente,,,
19,Hombre,Ingenieria Petrolera,17,5,5,4,4,5,1,1,5,5,4,2,Oficinas,,Idioma,Extrovertido,Sociable,Radical,,9,9,9,9,9,Personal,,quimica,calculo,fisica,,,8,8,7,,,Ninguno,s/carrera,,,
20,Hombre,Ingenieria Civil,18,5,5,4,5,2,5,3,1,3,4,3,extranjero,,Imaginacion,Liderazgo,Pensamiento matematico,etica profesional,redactar,8,8,9,9,9,Personal,,fisica,Matematicas,Quimica,,,6,8,7,,,Ninguno,Misma,,,
19,Hombre,Ingenieria Petrolera,17,5,5,4,1,2,5,4,4,4,2,2,Campo,,Liderazgo,Objetividad,Inteligencia,Esfuerzo,Idioma,7,10,10,9,7,Personal,,calculo,ingles,Quimica,fisica,psicologia,7,7,9,6,7,TV/Medios impresos,Diferente,,,
19,Hombre,Ingenieria Civil,17,5,5,5,5,4,5,5,1,1,1,2,Oficinas,,Creatividad,Resolver problemas ,,,,7,7,,,,Personal,,Matematicas,dibujo,fisica,,,8,8,9,,,Web / Redes Soc,s/carrera,,,
19,Hombre,Ingenieria Civil,15,2,3,3,2,4,4,4,5,4,3,4,Campo,,Analisis,Criterio,Analisis matematico,Liderazgo,Creatividad,7,8,6,7,8,Personal,,Algebra,calculo diferencial,calculo integral,probabilidad,ingles,8,9,9,7,8,Web / Redes Soc,Diferente,,,
20,Mujer,Ingenieria civil,16,5,5,3,2,5,4,4,1,1,1,4,Campo,,Liderazgo,Creatividad,,,,9,8,,,,Personal,,Fisica,calculo,Quimica,,,9,10,8,,,Web / Redes Soc,s/carrera,,,
20,Mujer,Ingenieria Civil,17,4,4,5,5,5,4,5,3,1,1,3,Campo,,Innovacion,Liderazgo,Creatividad,Iniciativa,,6,8,8,9,,Personal,,Fisica,Matematicas,diseño,Quimica,,8,9,10,10,,Ninguno,Diferente,,,
19,Hombre,Ingenieria Civil,17,5,5,5,5,5,4,3,3,3,4,5,Campo,,Habilidad Matematica,Liderazgo,Creatividad,capacidad de analisis,sociales,8,9,8,8,8,Personal,,Fisica,Matematicas,Quimica,dibujo,fisico-quimica,9,9,8,10,9,Ninguno,Diferente,,,
27,Hombre,Ingeniería Civil,18,4,5,4,1,2,1,1,2,3,2,4,Campo,,Sentido Común,Responsabilidad,Comunicación,Fisico-Matemáticas,Trabajo en equipo,9,8,9,9,8,Personal,,Física,Matemáticas,Química,Ética Profesioanal,Orientación Educativa,9,9,8,10,10,Ninguno,Similar,,,
55,Hombre,Arquitectura,16,5,5,4,4,4,1,1,5,5,1,2,Campo,,Análisis,Toma de decisiones,Programación de actividades,Control,Eficiencia,9,9,8,9,9,Personal,,Física,Matemáticas,Dibujo,Biología,Ética,8,8,10,8,9,Ninguno,S/carrera,,,
40,Hombre,Ingeniería en Computación,17,4,5,5,1,5,4,4,3,1,2,2,Oficinas,,Lógica,Creatividad,Capacidad de Abstracción,,,8,9,8,,,Personal,,Cálculo,Física,Estética,Administración,,9,8,10,7,,Ninguno,Diferente,,,
29,Mujer,Informática,19,4,3,3,3,3,4,4,1,3,3,2,Oficinas,,Comunicación,Objetividad,pragmática,Creatividad,Meticulosa,6,7,7,8,8,Personal,,Matématicas,,,,,8,,,,,Ninguno,S/carrera,,,
20,Mujer,Administración,18,4,4,5,5,5,1,5,5,5,4,5,Oficinas,,Liderazgo,Análisis de riesgos,Toma de decisiones,Comunicación,Habilidad Matemática,9,9,8,9,6,Personal,,Administración,Derecho,Estadística,Historia Universal,,10,10,10,10,,Ninguno,Similar,,,
35,Hombre,Ingeniería de Software,30,5,5,4,1,3,1,4,2,3,3,4,Oficinas,,Desarrollo,Creatividad,Diseño,Análisis,,8,8,8,8,,Personal,,Computación,Matemáticas,,,,10,9,,,,Web / Redes Soc,Diferente,,,
25,Hombre,Ingeniería en Computación,17,5,4,5,1,5,5,5,5,4,4,5,Oficinas,,Análisis,Actitud,Emprendimiento,Liderazgo,Paciencia,9,10,8,8,9,Personal,,Cibernética y Computación,Física,Cálculo,Química,,10,10,10,10,,Web / Redes Soc,S/carrera,,,
22,Hombre,Administración,18,5,5,4,4,4,1,1,1,1,1,4,Oficinas,,Dinamismo,Análisis,Compañerismo,Influyente,Facilidad de palabra,9,10,9,8,8,Personal,,Estadística,Contabilidad y Administración,Geoeconomía,Int. al estudio de CIencias Sociales,,10,10,10,9,,Ninguno,Diferente,,,
21,Hombre,Administración,17,5,5,4,5,4,4,4,2,3,1,4,Oficinas,,Liderazgo,Negociación,Comunicación,Toma de decisiones,Estrategia,9,8,10,9,10,Personal,,Administración,Contabilidad ,Matemáticas,Derecho,Estadística,10,8,9,10,10,Web / Redes Soc,Diferente,,,
33,Hombre,Diseño y Comunicación Visual,16,2,1,2,1,2,5,5,4,1,2,2,Oficinas,,Creatividad,Improvisación,Constancia,Perseverancia,,6,5,5,4,,Personal,,Estética,Dibujo,,,,8,9,,,,Ninguno,Diferente,,,
21,Mujer,Ingenieria Industrial,18,5,5,4,5,2,1,2,1,1,2,4,Oficinas,,analisis,liderazgo,sintesis,emprendedro,organizado,9,8,10,9,10,Personal,,Matematicas,quimica,fisica,probabilidad,literatura,9,10,8,9,10,Ninguno,Diferente,,,
22,Hombre,Ingenieria Industrial,19,3,1,5,5,5,3,3,1,4,5,3,Oficinas,,organización,inovacion,planeacion,control,produccion,8,9,8,9,9,Personal,,fisica,calculo,ingles,Quimica,estadistica,9,8,10,8,8,Ninguno,Diferente,,,
22,hombre,Ingenieria Industrial,18,4,4,5,5,5,5,5,5,5,5,4,Extranjero,,Creatividad,criterio analitico,inovacion,empatia,liderazgo,8,9,8,8,8,Personal,,matematicas,ingles,,,,8,9,,,,Ninguno,S/carrera,,,
21,Mujer,Ingenieria Industrial,18,2,4,5,5,5,5,5,5,5,5,5,Campo,,Creatividad,visualizar a largo plazo,analista,recto,,9,9,8,8,,Familiares,,geometria,Historia de Mexico,fisica,algebra,,9,10,10,10,,TV/Medios impresos,S/carrera,,,
21,Hombre,Ingenieria Industrial,19,3,2,5,1,4,1,1,1,5,3,2,Extranjero,fabricas,etica,negocios,contabilidad,administracion,liderazgo,9,10,7,9,8,Personal,,Matematicas,fisica,quimica,informatica,temas selectos de mate,10,10,8,10,10,Ninguno,similar,,,
23,hombre,ingenieria computacion,17,4,4,1,1,1,4,5,1,1,4,1,Oficinas,,razonamiento ,Trabajo en equipo,autodidacta,Razonamiento,,8,7,9,9,,Personal,,computo,calculo,fisica,Matematicas,,10,8,7,8,,Ninguno,S/carrera,,,
23,Hombre,ingenieria computacion,18,4,4,4,4,,3,3,4,1,3,3,Oficinas,,emprender,reflexionar,resolver problemas,analisis,,8,8,9,8,,Personal,,calculo,fisica,computacion,algebra,,8,8,9,10,,TV/Medios impresos,S/carrera,,,
22,mujer,ingenieria sistemas biomedico,19,5,5,5,1,2,1,1,1,2,2,2,otros,hospitales,integrar conceptos,trabajo equipo,altruismo,entendimiento,conceptos de electronica,9,8,9,10,9,Personal,,fisica,biologia,quimica,etica,salud,9,10,10,10,10,carrera nueva,diferente,,,
21,hombre,Ingenieria Industrial,18,5,5,5,1,5,1,1,5,5,5,5,oficinas,,liderazgo,disiplina,perseverancia,trabajo en equipo,actitud,10,10,10,10,10,Personal,,matematicas,calculo,fisica,algebra,,10,9,9,9,,TV/Medios impresos,S/carrera,,,
21,hombre,Ingenieria Industrial,18,5,4,5,5,5,5,5,5,4,4,4,Extranjero,,disiplina,liderazgo,perseverancia,matematica,Toma de desiciones,9,7,10,8,7,Personal,,matematicas,temas selectos de mat.,fisica,estadistica,,8,10,8,9,,Ninguno,diferente,,,
25,Hombre,Ingenieria en computacion,16,5,5,5,5,5,5,5,1,5,5,5,Oficinas,,Creatividad,Constancia,Pensamiento crtitico,Eficacia,Ingles,10,7,8,7,9,Personal,,Algebra,Fisica,Quimica,Administracion,Filosofia,10,8,7,8,10,TV/Medios impresos,Diferente,,,
22,Mujer,Ingenieria en computacion,17,4,4,3,1,1,1,1,1,1,1,3,Oficinas,,Razocineo,Lògica,Entendimiento,Trabajo en equipo,Ingles,9,9,9,8,9,Personal,,Cibernetica,Fisica,Matematicas,Programacion,Logica,10,9,10,8,8,Ninguno,S/carrera,,,
23,Hombre,Ingenieria en computacion,17,4,5,5,5,1,5,5,5,3,5,5,Oficinas,,Vision,Trabajo en equipo,Liderazgo,Razonamiento,Logica,8,10,8,7,9,Personal,,Matematicas,Fisica,Programacion,Quimica,Logica,9,7,9,10,8,Ninguno,Diferente,,,
23,Hombre,Ingenieria en computacion,17,3,4,5,5,4,5,5,3,4,4,4,Oficinas,,Sintesis,Razonamiento,Liderazgo,Logica,Vision,8,8,7,8,8,Personal,,Calculo,Estadistica,Programacion,Logica,Filosofia,9,8,10,1,9,Web / Redes Soc,S/carrera,,,
22,Hombre,Ingenieria en computacion,17,3,2,4,2,1,5,5,1,1,1,1,Oficinas,,Resolver problemas,Absracion,Analitico,Autodidacta,Organización,7,7,8,8,7,Personal,,Matematicas,Fisica,Quimica,Informatica,Logica,8,6,9,9,10,Web / Redes Soc,S/carrera,,,
21,Hombre,Ingeniria Industrial,18,4,4,4,1,5,5,5,1,1,3,5,Oficinas,,Analitico,Liderazgo,Productivo,Inovacion,Creatividad,10,7,8,7,7,Personal,,Calculo,Estadistica,Matematicas,Logica,Literatura,10,10,9,8,7,Ninguno,S/carrera,,,
21,Mujer,Ingeniria Industrial,16,5,5,5,4,3,1,1,4,4,4,4,Oficinas,,Diseño,Logistica,Creatividad,Innovacion,Planeacion,10,9,9,8,9,Personal,,Matematicas,Estadistica,Quimica,Algebra,Filosofia,9,7,8,9,10,Ninguno,S/carrera,,,
21,Mujer,Ingeniria Industrial,18,4,4,5,5,4,1,4,2,4,4,2,Campo,,Liderazgo,Razonamiento,Creatividad,Logica,Responsabilidad,4,4,3,4,4,Personal,,Fisica,Matematicas,Quimica,Algebra,Calculo,1,9,9,9,8,Ninguno,S/carrera,,,
20,Mujer,Ingeniria Industrial,17,5,5,5,1,1,1,1,1,1,2,1,Campo,,Liderazgo,Creatividad,Emprendimiento,Trabajo en equipo,Etica,7,6,7,9,10,Personal,,Calculo,Estadistica,Fisica,Algebra,Quimica,10,10,8,9,9,Ninguno,S/carrera,,,
21,Mujer,Ingeniria Industrial,17,4,5,5,5,3,5,3,3,4,4,4,Campo,,Eficiencia,Optimizar,Analitico,Hablar en publico,Liderazgo,9,9,9,10,10,Personal,,Calculo,Fisica,Quimica,Diseño ambiental,Expresion grafica,8,9,9,9,10,Web / Redes Soc,S/carrera,,,
23,Hombre,Ingenieria electrica-electronica,17,5,5,4,4,3,3,5,4,4,4,3,Campo,,Abstración,Pensamiento crítico,Habilidad numerica,Idiomas,Comprensión de lectura,8,8,8,5,7,Personal,,Calculo,Geometria,Programacion,Algebra,Ingles,9,8,8,8,5,Ninguno,S/carrera,,,
22,Mujer,Ingeniería Petrolera,18,4,4,5,5,1,5,4,3,5,5,4,Campo,,Liderazgo, toma de desiciones, habilidad para matematicas, visualizar espacio y trabajar en un ambiente diferente,,9,8,9,10,7,Personal,,Cálculo Diferencial e integral, Álgebra, Geometría Analítica, Temas Selectos de Matemáticas y Química.,,10,8,10,10,9,Web / Redes Sociales,Sin Carrera,,,
26,Mujer,Ingenieria en Computacion,15,4,4,5,5,3,3,2,2,4,4,4,Oficinas,,Liderazgo, análisis, trabajo en equipo, razonamiento, lógica,8,8,7,9,8,Personal,,Cálculo integral y Diferencial, Cibernética, Física, Administración,,6,9,7,9,,TV / Medios Impresos,Diferente,,,
20,Mujer,Contaduria,17,4,5,5,5,5,5,1,1,1,2,5,Oficinas,,Habilidad matemática, disciplina, Razonamiento Lógico, toma de decisiones, habilidades de comunicación,10,8,9,8,7,Personal,,Administración y contabilidad, matemáticas, derecho, problemas sociales políticos y económicos de México, geografía económica,10,8,8,10,10,Ninguna,Misma,,,
26,Hombre,Ingeniería mecatrónica,18,1,2,1,1,1,1,1,1,4,4,1,Campo,,matemáticas, Lógica, Idiomas, Trabajo en equípo,,7,,,,,Familiares,,Temas selectos de matemáticas,,,,,10,,,,,Ninguna,Diferente,,,
24,Mujer,Contaduria,18,2,4,5,1,5,5,5,4,1,4,1,Oficinas,,Trabajo en equipo,liderazgo,toma de decisiones,razonamiento logico y ser sociable,,9,7,7,7,8,Personal,,Probabiblidad y Estadistica, lenguaje y comunicacion,admistracion,economia,lengua extranjera,9,9,9,8,10,Ninguna,Misma,,,
22,Mujer,Ingeniería Industrial,17,5,5,4,5,5,1,1,1,1,1,5,los tres anteriores,,Proactividad,,,,,9,7,9,6,9,Personal,,Estadística y Probabilidad,,,,,8,8,8,9,8,Ninguna,Sin Carrera,,,
24,Hombre,Ingenieria en Computacion,16,5,5,5,5,1,1,4,1,4,4,4,Oficinas,,Ingenio, abstracto, autodidacta, paciencia, dominio de ingles,10,10,9,8,9,Personal,,Cibernetica y computación, Probabilidad y estadística, cálculo diferencial, cálculo integral, computación,10,10,9,9,10,TV / Medios Impresos,Sin Carrera,,,
26,Mujer,Ingenieria en Computacion,19,5,5,5,5,5,1,5,1,1,4,5,Oficinas,,analisis, responsabilidad, saber buscar informacion, tolarancia, atencion al detalle,9,10,8,9,10,Personal,,inteligencia artificial, admin de proyectos de software, PLN, Probabilidad, Discretas,8,10,9,6,9,Familiar,Diferente,,,
22,Hombre,Ingenieria en Computacion,18,4,5,5,5,5,5,5,5,5,1,1,Oficinas,,Estudiar constantemente, responsabilidad, prevención, visión y comprensión,,2,3,3,4,4,Personal,,Negocios electrónicos, bases de datos, inteligencia artificial, administración de proyectos de software e ingeniería de software,,8,7,7,8,9,Ninguna,Sin Carrera,,,
27,Mujer,Ingeniería Eléctrica y Electrónica,22,5,5,5,5,5,1,1,1,5,5,5,Oficinas,,agilidad mental, imaginación, trabajo bajo presión,,,9,10,8,,,Personal,,Matemáticas y física,,,,,9,9,,,,Amigos,Sin Carrera,,,
22,Hombre,Ingeniería Civil,18,4,4,4,5,2,1,1,1,5,4,2,Campo,,Toma de decisiones, creatividad, trabajo en equipo, ingenio, liderazgo,3,3,5,4,4,Personal,,Calculo diferencial, integral, cinemática y dinámica, física, ética,10,9,9,8,9,Ninguna,Diferente,,,
26,Mujer,Ingenieria en Computacion,18,5,4,5,1,1,5,5,1,5,5,5,Oficinas,,Paciencia, destreza, tolerancia, responsabilidad y habilidad,,2,3,2,2,3,Personal,,Calculo diferencial, física, matemáticas, economía y administración,,10,9,8,9,9,Ninguna,Sin Carrera,,,
25,Hombre,Ciencia Politica,19,5,5,5,5,2,1,1,1,1,2,2,"Centros de investigaciones, partidos politicos e instituciones publicas",,Sintesis, analisis, pensamiento prospectivo, capacidad explicativa y excelente redadccion,,9,9,9,9,9,Personal,,Problemas Politicos, sociales y economicos de México, Historia de México, Historia Universal, Sociologia y Derecho,9,9,9,8,8,Ninguna,Sin Carrera,,,
23,Hombre,Ingenieria en Computacion,18,4,4,5,5,5,3,3,4,4,4,4,Oficinas,,Lógica, constancia, memoria, paciencia e intuición,,9,8,7,6,8,Personal,,Cálculo Diferencial, Cálculo Integral, CAD, Computación y Diseño,,5,5,5,5,5,Carrera de Moda,Sin Carrera,,,
23,Hombre,Ingeniería Civil,18,5,5,5,5,1,2,2,1,5,4,4,Campo,,- Diseñar estructuras,,,,,8,7,8,8,9,Personal,,1.-Matemáticas IV,,,,,6,6,9,7,8,Ninguna,Diferente,,,
25,Mujer,Diseño y comunicación visual,17,4,5,3,5,5,5,5,1,5,1,1,Oficinas,,Creatividad, paciencia, visión, cognitiva, motriz,4,3,4,4,4,Personal,,Expresión gráfica, comunicación psicología, filosofía, historia,,10,10,10,8,8,Web / Redes Sociales,Diferente,,,
26,Hombre,Ingeniería Eléctrica y Electrónica,18,2,2,5,5,5,5,5,5,5,5,5,Oficinas,,Responsabilidad, Liderazgo, Paciencia, Inteligencia, Rapidez,2,3,3,3,2,Personal,,Calculo integral, calculo diferencial, geometría, álgebra, estadística,8,7,7,7,8,TV / Medios Impresos,Diferente,,,
28,Hombre,Ingenieria en Computacion,18,5,5,4,5,1,1,5,5,5,1,1,Campo,,Trabajo en equipo, trabajo bajo presión, rápida adaptación, comunicación, dirección de equipo,10,9,8,8,9,Personal,,Desarrollo web, redes, bases de datos,sistemas operativos, inglés,10,10,9,10,10,Carrera Nueva,Diferente,,,
22,Mujer,Ingeniería mecatrónica,18,2,4,4,2,5,1,1,1,4,3,3,Extranjero,, Creatividad,  conocimientos de diversas áreas de la ingeniería,  trabajo en equipo,  trabajo individual,  liderazgo,8,7,8,8,7,Personal,,1. Matemáticas,,,,,10,9,10,9,8,Carrera Nueva,Diferente,,,
22,Mujer,Ingeniería Industrial,18,5,5,5,5,5,5,5,4,4,5,5,Oficinas,,Optimización, procesos, matemáticas, innovación, tecnología,9,9,8,9,9,Personal,,Administración, física, probabilidad, cálculo, económia,9,9,10,8,9,Web / Redes Sociales,Sin Carrera,,,
22,Hombre,Ingeniería Mecánica,18,5,5,5,1,5,5,5,1,1,1,1,Campo,,Matemática, lógica, para resolver problemas, espacial y visual,,9,9,9,8,9,Personal,,Matemáticas iv, v, vi, computación, física,6,6,6,7,6,Ninguna,Diferente,,,
28,Hombre,Ingeniería Petrolera,19,4,2,2,1,1,5,5,1,5,4,1,Campo,,Trabajo en equipo, trabajar bajo presión, hablar en público, capacidad de análisis y autodidacta,,9,8,8,8,9,Personal,,Cálculo 1 y 2, Química, Física, Matemáticas y Probabilidad,,10,8,9,10,10,Ninguna,Sin Carrera,,,
20,Mujer,Ingenieria en Computacion,18,4,4,5,5,1,1,2,1,4,4,4,Oficinas,,Lógica matemática, imaginación espacial, constancia, comprensión de lectura, paciencia,7,10,9,9,8,Personal,,Matemáticas 4,5 y 6, informática aplicada, física, opción técnica de computación,8,10,9,9,9,Ninguna,Misma,,,
22,Mujer,Ingeniería mecatrónica,17,4,3,5,5,5,5,5,5,5,5,5,Oficinas,,Trabajo en equipo, organización, comunicación, planeación, pensamiento lógico,9,10,10,10,10,Amigos,,Matemáticas 4,5 y 6, temas selectos de matemáticas, física,,10,10,10,10,10,Carrera de Moda,Diferente,,,
24,Hombre,Lic Informática,20,4,5,5,5,5,1,1,5,5,5,5,Oficinas,,Matemática,,,,,6,6,8,7,9,Personal,,Base de datos,,,,,9,8,9,8,8,Presencial,Diferente,,,
23,Mujer,Ingenieria en Computacion,17,2,2,5,5,5,5,5,1,2,2,3,Oficinas,,Autodidacta, creativo, responsable, trabajar en equipo y saber resolver problemas,,8,8,8,8,7,Familiares,,Cibernética ,Cálculo Diferencial,Calculo Integral,,,10,10,,,,Carrera de Moda,Sin Carrera,,,
20,Hombre,Ingenieria en Computacion,15,5,5,5,1,5,1,1,5,4,4,5,privado,,pensamieno critico,logica,constancia,estudio,,10,10,6,10,,Personal,,programacion, algebra,geometria analitica,calculo,,10,10,10,8,,Web / Redes Sociales,Sin Carrera,,,
23,Hombre,Ingenieria en Computacion,18,4,5,5,5,5,3,3,4,4,5,2,Oficinas,,Matemáticas, Cómputo, Programación, Planeación, Idiomas,8,9,9,10,10,Personal,,Programación, Álgebra, Geometría, Cálculo, Física,10,7,9,8,7,Web / Redes Sociales,Diferente,,,
22,Mujer,Gastronomia,17,5,5,5,1,5,5,5,4,1,1,1,,,Liderazgo,responsabilidad, creatividad, agilidad y destreza,,2,1,1,1,1,Personal,,Contabilidad, informática.,,,,8,8,,,,Web / Redes Sociales,Sin Carrera,,,
24,Hombre,Ingenieria en Computacion,18,4,5,5,4,5,5,5,4,5,4,4,Oficinas,,Liderazgo, dedicació, resolución de problema, ordenado, paciencia,3,4,3,3,2,Personal,,Matemáticas,física,química,literatura,inglés,3,3,3,3,2,Web / Redes Sociales,Sin Carrera,,,
21,Hombre,Ingenieria en Computacion,16,4,5,4,4,5,5,4,4,5,3,5,Oficinas,,Tolerancia,entendimiento,creatividad,detección,solucionar,10,10,10,10,10,Personal,,Matemáticas, computación matemáticas2 matemáticas3, informática,,,8,9,9,8,9,Web / Redes Sociales,Diferente,,,
36,Hombre,Biología,17,5,5,5,1,4,1,1,1,1,1,4,Los dos: Oficina y campo,, Resolución de problemas,  Adaptabilidad,  Razonamiento analítico,  Trabajo en equipo,  Idiomas,8,10,8,9,6,Personal,,1. Biología, 2. Estadística, 3. Geografía, 4. Matemáticas, 5. Redacción de textos.,10,9,10,8,10,Maestros,Sin Carrera,,,
22,Hombre,Ingenieria en Computacion,15,5,5,5,5,5,5,5,5,5,5,1,Extranjero,,Dominio del idioma inglés, certificaciones, matemáticas, programación, habilidad matemática,10,10,10,10,9,Personal,,Matemáticas, física, quimica, psicología, inglés,10,10,10,9,10,Ninguna,Diferente,,,
22,Mujer,Ingenieria en Computacion,18,4,5,2,5,2,1,1,1,5,5,3,Oficinas,,Razonamiento matemático, abstracción,trabajar bajo presión, habilidad para resolución de problemas, creatividad e imaginación,2,2,2,2,3,Personal,,Cibernética, cálculo diferencial, integral, física 1 y 2,,8,6,7,8,8,Web / Redes Sociales,Diferente,,,
23,Hombre,Ingenieria en Computacion,18,5,5,5,5,1,4,4,5,4,4,1,Oficinas,,Comprensión matemática, razonamiento, habilidades comunicativas, creatividad, liderazgo,8,9,10,8,10,Personal,,Matemáticas, física, lógica, dibujo constructivo, informática.,8,10,6,9,10,Web / Redes Sociales,Diferente,,,
23,Hombre,Ingenieria en Computacion,19,5,5,5,1,5,5,5,5,5,4,5,Oficinas,,Habilidad Matemática, Razonamiento, Imaginación, Análisis Espacial, habilidad probabilística,9,9,9,9,9,Personal,,Matemáticas, Cibernética, Álgebra, Calculo, Fisica,8,8,8,8,8,Carrera de Moda,Diferente,,,
18,Mujer,Actuaría,15,5,5,5,5,4,5,5,2,5,2,5,Oficinas,,Habilidad matemática, habilidad lógica, relaciones interpersonales, buen procesamiento de datos, habilidad para resolver problemas,10,10,8,9,9,Personal,,Matemáticas, Temas Selectos de Matemáticas, Física, Informática, Química.,10,10,10,9,10,Ninguna,Similar,,,
22,Hombre,Ingenieria en Computacion,18,4,4,4,1,1,1,1,1,2,2,1,Oficinas,,Pensamiento lógico, analítico, matemático, paciencia y dedicación,,9,8,8,7,6,Personal,,Computación, Matemáticas, Física, Programación Básica, Tutoría.,9,9,8,9,10,"Películas, ciencia ficción y tecnología.",Diferente,,,
25,Mujer,Trabajo social,18,4,4,4,5,1,1,1,1,1,1,1,Oficinas,,Trabajo en equipo, capacidad para resolver problemas, habilidades comunicativas, creatividad, flexibilidad,8,9,9,8,9,Personal,,Estadística, filosofía, derecho, administración,,9,10,9,9,,Situaciones personales,Sin Carrera,,,
21,Mujer,Ingenieria en Computacion,18,4,2,5,5,5,1,1,1,5,4,1,Oficinas,,Ser Autodidacta, resolución de problemas, análisis de sistemas, programación, trabajo en equipo,7,8,7,8,7,Personal,,Matemáticas, informática, física,,,9,10,10,,,Ninguna,Sin Carrera,,,
22,Hombre,Ingenieria en Computacion,17,4,4,5,4,4,5,4,4,4,5,5,Oficinas,,Responsabilidad, concentración, tolerancia a la frustración, creatividad, resolver problemas,8,9,10,8,10,Personal,,Matemáticas, informática, computación, temas selectos, algebra,9,10,9,8,10,Carrera de Moda,Diferente,,,
32,Hombre,Informatica,30,4,4,4,1,4,3,4,4,1,1,4,Oficinas,,Razonamiento, creatividad, ingles, documentar, activo,8,9,4,7,9,Personal,,Computacion, matematicas,,,,8,8,,,,Web / Redes Sociales,Sin Carrera,,,
22,Hombre,Ingenieria en Computacion,16,5,5,5,5,5,5,5,5,5,5,4,Oficinas,,Programación, Planificación y administración, Manejo de sistemas operativos, Habilidad en el ámbito matemático, Conocimientos generales de computo,9,7,8,8,9,Personal,,Cibernetica, Calculo, Física, Matemáticas, Filosofía,10,9,6,10,10,Simplemente me gustaba la computación desde muy chico,Sin Carrera,,,
23,Hombre,Económia,20,4,4,5,2,4,1,1,1,4,4,4,"Puede ser Gobierno, Extranjero y Privado.",,Matemáticas, Teoría, Analisis e Investigación,,,10,10,9,9,9,Personal,,Matemáticas, Económia e Historia.,,,,9,9,9,8,7,Web / Redes Sociales,Diferente,,,
21,Hombre,Ingenieria en Computacion,18,5,5,5,5,3,5,4,4,5,3,5,Oficinas,,Autodidacta, lógica, apasionado, astucia, creatividad,10,9,9,9,10,Personal,,Matemáticas, computación, física,,,8,9,6,,,Ninguna,Diferente,,,
22,Hombre,Ingenieria en Computacion,17,4,5,5,5,4,5,5,5,5,5,4,Oficinas,,Creatividad, Analítico, Perseverante,,,9,8,8,5,5,Personal,,Cibernética, Cálculo, Matemáticas,,,9,9,9,8,8,Ninguna,Sin Carrera,,,
21,Hombre,Ingenieria en Computacion,17,5,5,5,1,4,1,4,1,5,4,5,Extranjero,,Matemáticas, sociales, lógicas, destreza, paciencia,7,8,10,9,9,Personal,,Cibernética, cálculo, filosofía, álgebra, geometría analítica.,10,10,10,10,9,Ninguna,Sin Carrera,,,
22,Mujer,Ingenieria en Computacion,14,4,4,5,1,4,4,5,5,4,3,3,Oficinas,,Creatividad, diligencia, habilidad autodidacta, programación, modelado,3,3,3,2,3,Personal,,Informática, Matemáticas, Literatura, Física, Artes plásticas,10,8,8,7,10,Web / Redes Sociales,Diferente,,,
23,Mujer,Ingenieria en Computacion,19,5,5,4,4,1,5,5,1,4,4,1,Oficinas,,Matemática, lógica, razonamiento, solución de problemas, comprensión de textos,9,10,8,9,9,Personal,,Matemáticas, informática, lógica, álgebra, física,9,9,10,10,10,Ninguna,Sin Carrera,,,
23,Hombre,ingenieria en computacion,18,2,2,4,5,5,5,5,5,2,1,1,Oficinas,,disciplina, creatividad, empatía, liderazgo, autodidacta,7,9,9,8,9,Personal,,Cibernética, calculo, psicología, curso robotica, curso computacion,10,9,10,10,10,Web / Redes Sociales,Diferente,,,
21,Mujer,Ingenieria en Computacion,17,5,5,5,1,1,1,1,1,5,4,1,Oficinas,,constancia, comprender, analizar, paciencia, ser estructurado,9,10,10,9,10,Personal,,matemáticas, cibernetica, computación, calculo.,,10,10,9,10,,Ninguna,Sin Carrera,,,
22,Hombre,Ingenieria en Computacion,16,2,5,5,1,1,1,1,1,1,1,1,Extranjero,,Dedicación, concentración, pasión, análisis, sentido común,8,5,9,10,9,Familiares,,Cibernética, Filosofía, ciencias de la salud, Latín, Geografía,10,10,8,8,10,Ninguna,Sin Carrera,,,
23,Hombre,Ingeniería Mecánica,19,4,4,5,3,4,4,5,4,4,4,4,Laboratorios,,analitico, disciplinado, trabajo en equipo,,,10,10,10,,,Personal,,matematicas, fisica, quimica,,,,,,,,Ninguna,Sin Carrera,,,
53,Hombre,Contaduria,18,4,1,5,1,5,1,1,5,1,4,1,Oficinas,,Paciencia, honestidad, disciplina, constancia, dedicación,8,10,9,10,10,Personal,,Matemáticas,administración, estadística, ética, piscologia,8,10,7,10,10,Ninguna,Sin Carrera,,,
22,Hombre,Ingeniería Mecánica,17,2,4,5,4,2,1,1,1,4,4,1,Oficinas,,Paciencia, Resiliencia, Inteligencia, Creatividad, Dedicación,9,9,8,9,6,Personal,,Matemáticas, Física, Química, Salud, Dibujo,9,9,9,8,8,Ninguna,Diferente,,,
21,Hombre,Ingeniería Eléctrica y Electrónica,17,1,1,5,5,5,1,1,1,1,5,4,Campo,,Liderazgo, lógica, matemática, razonamiento, entrega,2,3,3,3,3,Personal,,Matemáticas, física, lógica, ética, química,10,10,8,9,8,Web / Redes Sociales,Sin Carrera,,,
21,Mujer,Ingenieria en Computacion,16,4,5,5,1,3,5,5,1,1,2,5,Oficinas,,Paciencia, Control, Respeto, Empatía, Dedicación,10,7,10,3,10,Personal,,Matemáticas, Cibernética, Física, Inglés, Expresión Gráfica,10,10,8,8,,Web / Redes Sociales,Diferente,,,
20,Hombre,Ingeniería Civil,16,5,5,5,4,1,3,1,1,3,4,1,Extranjero,,liderazgo, decision, compromiso,,,7,7,6,,,Personal,,matematicas,,,,,8,,,,,TV / Medios Impresos,Diferente,,,
40,Hombre,Sociologia,37,5,5,5,1,1,1,1,1,1,1,5,Campo,,Analisis, critica, observacion, teorias, experimentacion,9,9,10,8,8,Personal,,Estadistica, estetica, etica, ciencias politicas y sociales, historia,8,10,9,10,10,Ninguna,Diferente,,,
24,Mujer,Ingenieria en Computacion,19,2,2,2,1,1,1,1,1,2,2,2,Extranjero,,Análisis, trabajo en equipo, trabajo bajo presión, habilidad de programación, resolver casos en un tiempo establecido,8,10,10,7,8,Personal,,Matemáticas, física, lógica, español, química.,9,9,10,10,8,Ninguna,Diferente,,,
22,Hombre,Ingenieria en Computacion,18,5,5,5,4,5,5,5,1,2,1,1,Oficinas,,Análisis, Razonamiento Lógico, Autoaprendizaje, Paciencia, Abstracción,8,8,10,9,8,Personal,,Informática, Álgebra, Dibujo, Cálculo Integral, Geometría Analítica,9,8,8,9,9,Web / Redes Sociales,Diferente,,,
22,Mujer,Ingeniería Petrolera,18,2,4,1,5,5,5,5,5,5,5,1,Campo,,Análisis, respuestas rápidas, creatividad, trabajo en equipo, toma de decisión,10,10,8,10,10,Personal,,Matemáticas, temas selectos de matemáticas, dibujo, química, computación,10,10,8,6,9,TV / Medios Impresos,Diferente,,,
22,Hombre,Ingeniería telecomunicaciones,18,5,4,5,1,1,5,5,1,1,4,1,Oficinas,,Análisis, interpretación, organización, constancia,,8,9,9,10,,Personal,,Matemáticas, cálculo, estadística, computación,,10,9,10,10,,Ninguna,Diferente,,,
23,Mujer,Actuaría,15,5,5,5,5,5,1,1,1,1,1,5,Oficinas,,Análisis, resolución de problemas, trabajo en equipo, persistencia,,9,8,10,10,,Personal,,Matemáticas, temas selectos de matemáticas,,,,9,9,,,,Ninguna,Sin Carrera,,,
21,Hombre,Ingenieria en Computacion,11,5,5,5,1,1,1,1,1,1,4,4,Oficinas,,Análisis, Toma de decisiones, Lógica,,,7,8,6,,,Personal,,Informática,,,,,8,,,,,Ninguna,Misma,,,
20,Mujer,Ingeniería telecomunicaciones,15,4,5,5,5,2,5,5,5,5,3,4,Oficinas,,ingenio,habilidad numérica,creatividad,memoria,responsabilidad,8,8,9,8,10,Personal,,matematicas, fisica,,,,9,9,,,,Ninguna,Diferente,,,
20,Mujer,Ingenieria en Computacion,13,5,5,4,5,5,5,5,3,1,3,1,Extranjero,,Cálculo, física, programación básica, álgebra y estructuras de datos,,9,10,9,9,9,Personal,,Cibernética, cálculo, física, matemáticas y química.,,10,9,10,10,7,Simplemente me enfoqué en las materias en las que destaco y busqué alguna carrera que estuviera relacionado con ellas.,Diferente,,,
26,Hombre,Ingenieria en Computacion,22,2,4,4,1,1,1,1,1,4,4,4,Oficinas,,Lógica, creatividad, diseño, paciencia, razonamiento,4,4,4,5,5,Personal,,Matemáticas, física, inglés, ética, Economía,9,9,10,9,8,Web / Redes Sociales,Sin Carrera,,,
22,Hombre,Ingenieria en Computacion,18,5,5,5,4,4,5,5,5,1,1,4,Extranjero,,logica,habilidad mental, razonamiento, habilidad matematica,inteligencia,9,9,8,10,9,Personal,,matematicas,fisica,dibujo,informatica,robotica,10,10,10,10,10,Web / Redes Sociales,Diferente,,,
21,Hombre,Ingenieria en Computacion,18,4,5,5,5,1,1,1,1,1,1,1,Oficinas,,Lógica, Matemática, Algoritmica, Abstracción, Razonamiento,2,2,2,2,2,Personal,,Matemáticas, Lógica, Mates avanzadas, razonamiento matemático e informática,,9,8,9,9,10,Web / Redes Sociales,Diferente,,,
22,Hombre,Ingenieria en Computacion,17,4,2,5,1,1,5,5,1,1,5,1,Oficinas,,Logica, matemática, compañerísmo, abstracción, interpretación,3,3,3,3,3,Personal,,Computación, matemáticas, física, filosofía, redaccion,10,8,9,10,10,Web / Redes Sociales,Diferente,,,
19,Mujer,Ingeniería Mecánica,18,5,5,1,5,1,5,5,1,1,1,1,Campo,,,,,,,,,,,,Personal,,Matemáticas, Inglés, Física, Álgebra,,10,8,7,10,,Ninguna,Sin Carrera,,,
31,Hombre,Antropología social,22,5,4,5,1,1,1,1,1,1,1,5,Campo,,Análisis de datos cuantitativos y cualitativos, trabajo en equipo, creación de proyectos, empatía y resolución de problemas,,9,7,8,9,8,Personal,,Sociología, antropología, estadistica, recursos humanos y metodología de investigación.,,7,8,8,9,10,Libros y acercamiento desde la psicología,Sin Carrera,,,
25,Hombre,Ingeniería Eléctrica y Electrónica,18,4,4,2,5,5,2,4,5,4,4,5,Oficinas,,Comunicación con equipos de trabajo, perseverancia, organización, trabajo bajo presión y creatividad,,6,9,8,7,8,Personal,,Física III, Física IV, Geometría Analítica, Cálculo Diferencial e Integral, Informática aplicada a la Ciencia e Industria,10,6,7,8,10,TV / Medios Impresos,Sin Carrera,,,
23,Mujer,Ciencias de la comunicación,18,2,2,2,5,5,5,5,5,1,1,4,Foros de radio o tv,,Buena ortografía, habilidad de habla, capacidad de síntesis, rápidez mental, habilidad para solucionar problemas,9,9,10,9,9,Personal,,Literatura, derecho, into a las ciencias sociales, sociología, lengua española,10,10,9,9,10,Web / Redes Sociales,Sin Carrera,,,
24,Mujer,Trabajo Social,17,4,5,1,1,1,1,1,1,1,1,2,Campo,,Observacion, empatia, compromiso, asertividad, interés,10,10,10,9,10,Personal,,Psicología, lectura, inglés, estadística, derecho,10,8,8,8,10,Ninguna,Sin Carrera,,,
22,Hombre,Administracion,17,1,1,5,1,5,5,5,5,5,5,1,Oficinas,,Planeación, Liderazgo, Creatividad, Comunicación y Organización,,9,9,9,9,9,Personal,,Psicología, Matemáticas, Lógica, Teatro,,10,9,10,10,9,Ninguna,Similar,,,
23,Mujer,Diseño y comunicación visual,18,5,5,4,5,1,1,1,1,1,4,4,todas las anteriores,,dibujo, creatividad, paciencia, práctica, disciplina,5,8,9,8,7,Personal,,Geometría, dibujo, literatura, matemáticas, historia,8,9,9,9,9,TV / Medios Impresos,Diferente,,,
24,Mujer,Diseño y comunicación visual,13,5,5,5,1,1,1,1,1,1,2,5,En varios hasta puedo ser freelancer,,Dibujo, creatividad, conceptualización, práctica y diciplina,,9,8,9,9,7,Personal,,Geometría, llevé materias de carrera técnica así que también me ayudaron. Matemáticas,,,,7,9,9,9,7,TV / Medios Impresos,Diferente,,,
22,Hombre,Ingeniería Eléctrica y Electrónica,18,4,4,5,1,1,5,5,5,1,1,1,Campo,,Ingenio, Inteligencia, Razonamiento, Análisis,Planeacion,7,7,6,7,7,Personal,,Física I, Fisica II, Calculo, Química I, Quimica II,7,8,7,8,8,Ninguna,Sin Carrera,,,
18,Mujer,Fisioterapia,17,4,5,5,1,5,1,5,5,1,1,1,Extranjero,,,,,,,10,10,9,,9,Personal,,Biología, química, bioquímica, salud, lectura.,10,9,10,10,9,Web / Redes Sociales,Diferente,,,
22,Hombre,Ingenieria en Computacion,17,5,5,4,5,1,1,1,1,4,3,5,Oficinas,,Capacidad de abstracción, pensamiento lógico, resolución de problemas, creatividad, trabajo bajo presión,8,9,9,8,10,Personal,,Cálculo, cibernética, física, inglés, filosofía.,7,10,9,10,10,Ninguna,Diferente,,,
22,Hombre,Ingeniería telecomunicaciones,17,4,4,5,5,1,1,5,5,4,4,5,Campo,,Capacidad de análisis, pensamiento abstracto, creatividad, planeación, capacidad de síntesis,9,9,9,8,9,Personal,,Cálculo, álgebra, geometría, física, química,9,8,8,9,9,Ninguna,Diferente,,,
22,Mujer,QFB,17,4,5,5,5,3,1,1,1,1,1,4,Laboratorios,,Pensamiento analítico, dedicación, pensamiento crítico, habilidad matemática, creatividad,10,7,9,8,8,Personal,,Química, Física, Biología, Matemáticas, Temas Selectos de Morfofisiología,10,10,8,8,10,Ninguna,Diferente,,,
22,Hombre,Ing.matemática,17,5,5,5,2,5,1,1,1,4,5,1,Oficinas,,Manejo de información, análisis, criterio, saber tomar decisiones, pensamiento lógico,8,8,9,9,8,Personal,,Algebra, orientación juvenil, calculo, probabilidad, estadistica,8,10,9,9,9,Web / Redes Sociales,Sin Carrera,,,
35,Mujer,Medicina,18,5,5,1,1,1,1,1,1,1,1,1,Se puede ejercer en todos las respuestas posibles,,Hábito de lectura, tolerancia a la frustración, empatía,,,10,8,10,,,Personal,,Química, biología, física,,,10,9,8,,,Siempre me gustó mucho las ciencias naturales.,Sin Carrera,,,
23,Hombre,Ingenieria en Computacion,18,5,5,5,4,5,2,4,1,5,5,4,Oficinas,,Responsabilidad, Toma de decisiones, Pensamiento abstracto, Visión del entorno,,9,9,8,9,1,Personal,,Cálculo, Álgebra, Informática, Física,,8,8,10,7,8,Web / Redes Sociales,Sin Carrera,,,
38,Hombre,Ingenieria en Computacion,20,3,4,4,2,3,4,4,3,3,2,3,Oficinas,,Manejo de PC, programación, trabajo bajo presión, trabajo en equipo y constante actualización de conocimientos,,3,3,3,4,3,Personal,,Cálculo, química, física, probabilidad y estadistica,,4,4,5,4,4,Ninguna,Sin Carrera,,,
22,Hombre,Derecho,19,5,5,4,4,5,4,4,3,2,4,4,Oficinas,,Conocimiento, responsabilidad, persistencia, capacidad, tenacidad,8,8,8,10,9,Personal,,Derecho, ingles, latin, ciencia politica, redacción,10,9,10,10,9,Porque me gusto la carrera,Sin Carrera,,,
22,Hombre,Ingenieria en Computacion,18,5,5,5,5,5,5,5,5,5,5,5,Oficinas,,Razonamiento, Pensar, Crear, Analizar, Implementar,9,10,9,9,10,Personal,,Álgebra, Lógica, Geometría, Calculo, Programación,10,10,10,10,10,TV / Medios Impresos,Diferente,,,
22,Hombre,Ingenieria en Computacion,17,5,5,5,5,5,2,1,2,4,5,2,Oficinas,,Abstracción ,,,,,8,8,10,10,10,Personal,,Física ,,,,,8,10,9,,,Ninguna,Diferente,,,
23,Hombre,Ingeniería telecomunicaciones,17,4,4,4,1,1,4,1,1,1,4,1,Campo,,Programación, trabajo bajo presión, comunicación, trabajo en equipo, resolución de problemas,6,9,8,9,9,Personal,,Calculo, Física, Química, Lógica, Programación,8,9,9,9,8,Ninguna,Similar,,,
23,Hombre,Ingenieria en Computacion,12,5,5,5,3,2,5,5,1,5,2,5,Oficinas,,Razonamiento, lógica, creatividad, aprendizaje, aptitud numérica,7,8,4,9,8,Personal,,Cálculo, Física, Cibernética, Lógica,,10,7,10,9,,Ninguna,Sin Carrera,,,
22,Mujer,Ingenieria en Computacion,-,1,2,5,1,1,5,4,4,4,4,1,Oficinas,,razonamiento,logica,sociable,amabilidad,,6,6,7,7,,Personal,,ninguna,matematicas,,,,1,7,,,,Carrera de Moda,Diferente,,,
22,Hombre,Ingenieria en Computacion,18,4,5,5,5,5,1,5,1,1,1,1,Oficinas,,Matemáticas, Razonamiento, Liderazgo, Trabajo en equipo,,8,8,9,9,1,Personal,,Álgebra, Informática, Cálculo, Geometría,,9,10,9,8,8,Ninguna,Sin Carrera,,,
22,Mujer,Ingenieria Quimica,18,2,2,2,5,4,5,4,3,5,4,2,Extranjero,,matematicas,imaginacion,abstraccion,,,5,7,7,,,Personal,,quimica, estadistica,,,,9,6,,,,Carrera de Moda,Sin Carrera,,,
22,Hombre,Matemáticas aplicadas,20,5,5,5,4,5,1,1,1,5,5,5,Oficinas,,Matemática,,,,,10,10,10,10,10,Personal,,Calculo, álgebra, física, química, computación,10,10,10,7,10,Ninguna,Sin Carrera,,,
22,Mujer,Ingenieria en Computacion,17,5,5,4,5,3,5,5,1,4,3,3,Oficinas,,dedicación, creatividad, análisis, peciencia, determinación,9,9,9,8,9,Personal,,Cálculo, Cibernética, Física, Inglés, Matemáticas,8,10,7,10,9,Ninguna,Diferente,,,
23,Mujer,Derecho,17,4,2,5,5,5,5,5,5,5,2,2,Oficinas,,Ortografía, Metodología, Expresión, Sociable y Respeto,,10,10,10,10,10,Familiares,,Derecho, Psicología, Ética, Etimologías Grecolatinas e Inglés,,10,10,10,10,8,Ninguna,Misma,,,
20,Hombre,Ingeniería mecatrónica,12,5,5,4,1,2,1,5,2,1,2,4,,,dedicación, facilidad para las matemáticas, pensamiento flexible, programación, resolución de problemas,7,8,9,9,8,Personal,,Calculo, fisica, quimica, estadística, programacion,10,9,9,10,10,TV / Medios Impresos,Diferente,,,
22,Mujer,Ingeniería Industrial,18,4,4,5,1,1,1,4,1,5,5,4,Oficinas,,Liderazgo, Organización, Creatividad, Trato con personas, Idiomas,7,8,9,10,10,Personal,,Cálculo,,,,,9,,,,,Web / Redes Sociales,Diferente,,,
23,Hombre,Ingeniería mecatrónica,18,2,3,5,5,5,3,5,5,5,5,5,Oficinas,,Analitica,,,,,10,,,,,Personal,,Ninguna,,,,,10,,,,,Ninguna,Diferente,,,
23,Hombre,Ingenieria en Computacion,17,2,5,5,1,2,5,1,1,2,5,1,Oficinas,,Paciencia, dedicación, lógica, capacidad de análisis y auto-didacta,,10,10,10,10,10,Personal,,Cálculo, álgebra, física, informática y programación/computación,,9,9,9,9,9,Ninguna,Diferente,,,
33,Hombre,Medicina,17,4,5,1,1,1,1,1,1,1,1,1,Campo,,Liderazgo, comunicación, empatia, docencia, destrezas manuales para procedimientos específicos,9,8,9,9,10,Personal,,Química, Biología, Ciencias de la Salud, Física y Estadística.,,8,9,10,8,10,Ninguna,Sin Carrera,,,
24,Hombre,Ingenieria en Computacion,15,4,4,5,1,1,5,5,1,5,1,1,Campo,,proactivo, analitico, tolerante, autodidacta, abstracción,10,10,8,10,10,Personal,,ninguna, ninguna, ninguna, ninguna, computación,10,10,10,10,10,Ninguna,Diferente,,,
23,Hombre,Ingeniería Industrial,18,5,5,5,2,4,1,1,2,3,3,3,,,Análisis, Creatividad, Liderazgo, compromiso,,9,10,8,10,,Personal,,Cálculo, geometría, álgebra,,,9,10,9,,,Ninguna,Diferente,,,
21,Hombre,Ingeniería Eléctrica y Electrónica,18,5,5,5,1,1,1,1,5,4,4,1,Campo,,Análisis, diseño, creatividad, abstracción, intuición,7,5,8,9,9,Personal,,Álgebra, Cálculo, Lenguaje, Geometría, Lógica,10,9,10,10,9,Web / Redes Sociales,Similar,,,
22,Hombre,Ingeniería Eléctrica y Electrónica,17,5,5,4,3,4,1,1,1,1,2,1,Campo,,Destreza, ingenio, disciplina, constancia, responsabilidad,8,9,9,9,8,Personal,,Álgebra, Calculo diferencial, Física, Calculo integral, Geometria,9,10,10,10,9,Ninguna,Similar,,,
24,Hombre,Ingenieria en Computacion,16,5,5,5,1,1,1,1,3,4,4,2,Oficinas,,Análisis, Precision, Matemática, Logica, Creatividad,9,8,10,10,9,Personal,,Cálculo, Estadística, Electricidad y Magnetismo, Fisica, Computación,9,9,8,9,10,Ninguna,Sin Carrera,,,
22,Mujer,Medicina,18,5,5,1,5,3,5,5,3,3,1,3,Campo,,Memoria, empatía, comprensión, perseverancia, dedicación,7,9,8,10,8,Personal,,Química, salud pública, morfología humana, psicología, biología,10,10,8,10,9,Ninguna,Sin Carrera,,,
26,Hombre,Ingenieria en Computacion,18,4,4,5,1,1,1,5,1,2,4,2,Oficinas,,Inglés, Analítico, Lógico, Programación, Expresión,7,7,8,7,8,Personal,,Cálculo, Bases de datos,,,,9,10,,,,Ninguna,Diferente,,,
28,Hombre,Ingenieria en Computacion,15,5,5,2,4,1,1,1,2,1,2,1,Oficinas,,Lógica, atención a detalles, manejo de conceptos abstractos, innovación y resolución de problemas,,10,10,10,10,10,Personal,,Ninguna, no tuve materias afín,,,,,,,,,Web / Redes Sociales,Sin Carrera,,,
18,Hombre,Ingeniería Petrolera,17,5,5,5,5,5,5,4,5,4,5,5,Oficinas,,Mate, trabajo en equipo, resolver problemas, negocios, hablar en publico,8,9,8,8,9,Personal,,calculo, quimica, fisica, estadistica,,9,8,9,10,,TV / Medios Impresos,Sin Carrera,,,
20,Hombre,Ingeniería Civil,17,4,4,5,5,5,5,5,5,5,5,3,Oficinas,,,,,,,9,6,7,,,Personal,,calculo,,,,,,,,,,TV / Medios Impresos,Sin Carrera,,,
21,Hombre,Ingeniería Mecánica,17,2,4,5,1,4,5,1,2,4,4,4,Campo,,,,,,,,,,,,Personal,,Calculo, física, estadísticas, dibujo, ingles,10,10,8,10,8,Ninguna,Sin Carrera,,,
22,Hombre,Ingeniería telecomunicaciones,18,5,5,4,5,2,1,1,1,5,4,5,Oficinas,,Responsabilidad,liderazgo,,,,4,3,,,,Personal,,Física,matemáticas,historia,salud,literatura,10,10,8,9,8,Ninguna,Diferente,,,
26,Mujer,Ingeniería Petrolera,18,5,4,5,5,5,2,5,5,5,5,5,Campo,,disposicion , tiempo,,,,8,8,,,,Personal,,fisica,,,,,9,,,,,Ninguna,Diferente,,,
25,Mujer,Arquitectura,20,5,5,5,1,5,1,5,1,5,1,1,Campo,,creatividad, facilidad de trabjo en equipo, destreza, calculo,,7,9,8,7,7,Personal,,dibujo, artes, calculo, geometria,,8,8,8,8,8,Ninguna,Sin Carrera,,,
23,Hombre,Ingenieria en Computacion,19,4,4,4,2,2,1,2,1,4,4,2,Oficinas,,Abstracción, responsabilidad, análisis, diseño y administración,,8,8,8,8,8,Personal,,Física, química, calculo, temas selectos de matemáticas y computación,,9,9,9,9,9,Web / Redes Sociales,Similar,,,
22,Mujer,Geológica,17,5,4,5,5,5,5,5,1,4,1,5,Las 3 anteriores,,Observación, paciencia, disciplina, fuerza física, facilidad para describir objetos o lugares,8,7,7,6,7,Personal,,Física, geografía, química, biología, matemáticas,9,8,10,9,10,Ninguna,Diferente,,,
21,Mujer,Ingeniería Industrial,17,4,5,2,1,1,1,2,1,5,5,5,Campo,,Compromiso ,,,,,3,3,3,3,3,Personal,,Fisica,,,,,4,4,4,4,4,Ninguna,Sin Carrera,,,
21,Hombre,Ingeniería Eléctrica y Electrónica,17,4,4,4,4,1,1,4,3,3,1,4,Diversos,,Constancia, habilidad matemática, visión, programación, física,5,6,8,7,6,Personal,,Física, matemáticas, programación, química, inglés,8,8,10,9,8,Ninguna,Diferente,,,
25,Mujer,Ingeniería Industrial,18,4,4,5,4,4,5,4,4,4,4,4,Oficinas,,Actitud, Hablar en público, Liderar, Analizar, Redacción,10,10,10,10,10,Familiares,,Dibujo, Administración, Álgebra, Química, Informática,8,9,8,8,9,Ninguna,Misma,,,
24,Hombre,Ingeniería Civil,16,5,4,5,5,1,5,4,1,5,5,5,Campo,,Razonar, Pensar, Imaginar, Calcular, Creatividad,10,10,10,10,10,Personal,,Fisica, Cálculo, Algebra, Dibujo, Geometría,9,8,9,9,10,TV / Medios Impresos,Similar,,,
22,Mujer,Arquitectura,18,4,5,5,1,1,5,5,5,5,5,1,Práctica y teórica,,Diseño, sensibilidad de espacios, factibilidad de ideas, trabajo en equipo y organización de tiempos,,9,10,9,10,9,Personal,,Dibujo, Matemáticas, Física, Historia y Derecho,,10,8,9,8,10,Web / Redes Sociales,Misma,,,
22,Mujer,Ingeniería Eléctrica y Electrónica,18,2,3,4,5,1,5,5,5,5,5,1,Campo,,Lógica, análisis, pensamiento crítico, facilidad de comunicación, capacidad de resolver problemas,8,8,10,10,9,Personal,,Física, matemáticas, cálculo integral, calculo diferencial, cibernética,10,9,10,10,9,Ninguna,Diferente,,,
25,Hombre,Medicina,17,4,4,2,1,1,5,5,1,5,1,2,Hospital y consultorios,,Empatía, destreza, memoria, soporte físico, comprensión,10,8,7,8,9,Personal,,Salud, Biología, Física, Morfofisiología, Química,10,10,8,10,10,Carrera de Moda,Misma,,,
20,Hombre,Ingeniería Civil,17,5,4,4,2,5,3,4,1,2,2,1,Oficinas,,paciencia, creatividad,dominio conociminetos, orden,eficiencia,9,8,8,8,9,Personal,,mate,fisica,quimica,ingles,lógica,8,10,6,10,7,Ninguna,Diferente,,,
21,Hombre,Contaduria,18,5,4,1,1,1,1,1,1,1,1,1,Oficinas,,habilidad numerica, dinamico, disciplinado, toma de decisiones, razonamiento logico,8,8,7,9,8,Personal,,,,,,,,,,,,Ninguna,Similar,,,
22,Hombre,Ingenieria en Computacion,17,5,5,4,2,5,5,5,5,5,5,4,Oficinas,,Comunicación, Análisis, Creatividad, Solución de problemas, Trabajo en equipo,5,9,7,9,5,Personal,,,,,,,,,,,,Ninguna,Sin Carrera,,,
27,Mujer,Administracion,24,5,5,5,1,5,1,1,1,1,1,5,Es online,,analisis, trabajo en equipo, admon del tiempo,,,10,7,8,,,Personal,,,,,,,,,,,,Web / Redes Sociales,Diferente,,,
28,Hombre,Ingeniería Petrolera,20,5,5,5,5,5,4,5,4,4,4,4,Campo,,,,,,,,,,,,,,,,,,,,,,,,Web / Redes Sociales,Diferente,,,
21,Hombre,Ingenieria en Computacion,17,4,4,1,1,1,5,5,1,1,1,1,Oficinas,,,,,,,,,,,,Personal,,,,,,,,,,,,Ninguna,Sin Carrera,,,
22,Hombre,Ingenieria en Computacion,16,5,5,5,2,5,3,5,5,5,5,5,Oficinas,,,,,,,10,10,10,10,10,Personal,,,,,,,10,10,10,10,10,Web / Redes Sociales,Sin Carrera,,,
22,Mujer,Medicina veterinaria,6,5,5,4,3,1,1,3,3,3,3,3,Campo,,,,,,,,,4,,,Personal,,,,,,,3,3,,3,,,Diferente,,,
22,Hombre,Ingeniería en Computación,17,4,2,2,1,1,1,5,5,2,1,5,Oficinas,,Matemáticas,Responsabilidad,Confianza,Razonamiento,Análisis,8,7,9,8,6,Familiares,,Física,Cibernética,Cálculo,Química,Matemáticas,9,9,10,8,8,Ninguno,Diferente,,,
23,Hombre,Ingeniería en Computación,19,4,4,4,2,5,1,2,1,4,4,2,Extranjero,,Abstracción,Responsabilidad,Análisis,Liderazgo,Investigación,7,9,8,9,8,Personal,,Computación,Matemátilcas,Física,Química,Temas Selectos de Matemáticas,10,8,9,9,8,Ninguno,Similar,,,
22,Hombre,Ingeniería Petrolera,19,3,3,2,1,1,1,4,1,2,3,1,Campo,,Matemáticas,Geometría ,Análisis Crítico,Razonamiento,Física,8,7,9,9,8,Personal,,Matemáticas,Ciencias,Ciencias Sociales,Computación,Geología,9,8,10,10,8,Ninguno,S/carrera,,,
22,Mujer,Ingeniería Mecánica,17,5,5,5,4,3,2,3,1,2,4,4,Extranjero,,Pensamiento Lógico,Construcción,Rapidez,Precisión,Innovación,7,8,7,8,7,Personal,,Matemáticas,Física,Química,Lógica,Biología,7,9,6,8,9,Ninguno,S/carrera,,,
22,Hombre,Ingeniería en Computación,18,5,4,1,1,1,1,1,1,1,1,1,Extranjero,,Lógica,Matemáticas,Resolución de Problemas,Programación,Análisis,8,8,9,8,9,Personal,,Matemáticas,Lógica,Química,Informática,Física,10,10,10,10,10,Ninguno,S/carrera,,,
21,Hombre,Ingeniería en Computación,17,4,4,2,2,5,5,5,2,4,4,2,Oficinas,,Constancia,Responsabilidad,Adaptación,Planificación,Iniciativa,8,7,8,7,6,Personal,,Lógica,Cálculo,Informática,Geometría Analítica,Física,8,7,9,9,7,Carrera de Moda,Diferente,,,
21,Hombre,Ingeniería Petrolera,17,3,2,4,5,5,5,5,1,4,5,3,Campo,,Ingenio,Innovación,Dedicación,Sociabilidad,Disciplina,7,6,8,8,9,Personal,,Cálculo Diferencial,Cálculo Integral,Química,Física,Cibernética,8,8,8,8,8,Ninguno,S/carrera,,,
22,Hombre,Ingeniería en Computación,18,5,5,4,1,1,1,1,1,1,1,5,Oficinas,,Resolver Problemas,Razonamiento,Análisis,Creatividad,Organización,10,10,9,9,8,Personal,,Informática,Matemátilcas,Física,Lógica,Orientación Educativa,10,9,8,10,10,Web / Redes Soc,Diferente,,,
22,Hombre,Ingeniería Petrolera,19,4,4,2,5,1,1,5,2,4,5,5,Extranjero,,Matemáticas,Predecir Eventos,Resolución de Problemas,Trabajo Bajo Presión,Liderazgo,8,7,10,9,10,Personal,,Matemáticas,Física,Química,Geología,Historia,10,10,10,8,6,Web / Redes Soc,S/carrera,,,
21,Hombre,Ingeniería en Computación,15,2,4,2,1,1,1,1,5,5,1,2,Oficinas,,Constancia,Disciplina,Pasión,Destreza,Visión,10,8,8,8,9,Personal,,Matemáticas,Inglés,Etimologías Grecolatinas,Química,Física,10,10,9,9,9,Web / Redes Soc,Diferente,,,
22,Mujer,Ingeniería Civil,18,5,5,5,1,5,5,5,5,1,1,5,Campo,,Matemáticas,Creatividad,Resolución de Problemas,Abstracción,Constancia,7,9,8,8,7,Personal,,Matemáticas,Química,Dibujo Constructivo,Física,Cálculo,6,7,10,8,8,Ninguno,S/carrera,,,
22,Hombre,Ingeniería en Computación,18,5,4,5,2,3,2,1,3,1,2,4,Extranjero,,Matemáticas,Lógica,Análisis,Resolución de Problemas,Constancia,9,9,9,9,10,Personal,,Matemáticas,Física,Química,Informática,Matemáticas Avanzadas,10,8,9,10,8,Web / Redes Soc,Diferente,,,
23,Hombre,Ingeniería Eléctrica Electrónica,19,5,5,4,2,4,1,1,2,4,1,4,Otros,Laboratorio/Taller,Paciencia,Observador,Ingenioso,Investigador,Creatividad,9,9,9,9,10,Personal,,Matemáticas,Informática,Cálculo,Inglés,Computación,9,10,8,7,8,Ninguno,S/carrera,,,
22,Mujer,Ingeniería Civil,17,5,5,4,5,3,2,1,2,1,1,4,Oficinas,,Espacial,Verbal,Matemáticas,Social,Financiera,8,8,9,8,9,Personal,,Química,Matemáticas,Física,Dibujo Constructivo,Ética,9,10,9,8,10,Ninguno,Diferente,,,
21,Hombre,Ingeniería en Computación,17,5,5,3,2,5,1,1,1,4,2,4,Extranjero,,Análisis,Síntesis,Creatividad,Abstracción,Investigación,7,8,6,9,7,Personal,,Lenguajes de Programación,Circuitos Lógicos Combinatorios,Circuitos Lógicos Secuenciales,Microelectrónica Programable,Redes Digitales,10,10,10,10,10,Web / Redes Soc,Diferente,,,
22,Hombre,Ingeniería en Computación,17,4,4,5,5,1,2,4,1,4,4,2,Oficinas,,Autodidacta,Creatividad,Paciencia,Trabajo en Equipo,Disciplina,8,7,8,6,6,Personal,,Computación,Informática,Lógica,Matemáticas,Físicas,9,8,9,9,8,Web / Redes Soc,S/carrera,,,
22,Mujer,Ingeniería en Telecomunicaciones,17,5,5,2,4,3,3,5,2,4,5,1,Otros,,Electrónica,Manejo de Señales,Diseño y Mantenimiento de Enlaces,Matemáticas,Redes de Datos,8,9,9,10,8,Personal,,Cibernética,Expresión Gráfica,Filosofía,Psicología,Comunicación,10,10,10,10,10,Ninguno,Diferente,,,
22,Hombre,Ingeniería en Computación,15,4,4,2,5,1,1,2,1,5,2,1,Extranjero,,Autodidacta,Abstracción,Resolución de Problemas,Creatividad,Toma de Decisiones,10,9,10,8,9,Personal,,Cálculo,Física,Química,Matemáticas,Inglés,10,8,10,10,9,Web / Redes Soc,S/carrera,,,
22,Hombre,Ingeniería en Computación,17,4,4,5,5,4,5,5,2,2,3,3,Otros,,Lógico,Matemáticas,Análisis,Creatividad,Constancia,8,8,8,8,7,Personal,,Física,Matemáticas,Química,Informática,Comunicación,6,8,9,9,10,TV/Medios impresos,S/carrera,,,
22,Hombre,Ingeniería en Telecomunicaciones,18,4,4,2,2,1,4,1,2,4,2,4,Campo,,Matemáticas,Creatividad,Criterio,Abstracción,Asertividad,9,8,8,9,8,Personal,,Matemáticas,Física,Temas Selectos de Matemáticas,Química,Biología,10,10,9,9,8,Ninguno,Similar,,,
23,Hombre,Ingeniería Mecatrónica,17,2,5,2,4,1,5,5,1,4,1,3,Extranjero,,Dedicación ,Resolución de Problemas ,Organización,Trabajo en Equipo,Toma de Decisiones,8,8,7,10,9,Personal,,Cibernética,Física,Cálculo ,Computación ,Comunicación,10,10,10,9,8,Ninguno,Diferente,,,
19,Mujer,Ingeniería Mecánica,18,5,1,1,5,1,1,1,1,1,1,1,Extranjero,,Resolución de Problemas ,Responsabilidad,Planificación,Resolución de Problemas ,Organización,9,10,7,9,10,Personal,,Cálculo ,Física,Filosofía,Literatura,Química,8,9,7,8,9,Ninguno,S/carrera,,,
26,Hombre,Ingeniería Mecánica,18,1,1,1,1,1,5,1,1,1,1,1,Campo,,Adaptación,Organización,Disciplina,Constancia,Planificación,8,8,8,6,7,Familiares,,Matemáticas,Física,Mecánica,Comunicación,Sociología,7,10,9,6,9,Ninguno,Diferente,,,
22,Hombre,Ingeniería en Computación,18,1,1,1,1,1,5,1,1,1,1,1,Oficinas,,Constancia,Iniciativa,Análisis,Resolución de Problemas ,Trabajo Bajo Presión,10,9,7,10,8,Personal,,Computación,Diseño Web,Física,Filosofía,Comunicación,10,10,10,8,8,Web / Redes Soc,S/carrera,,,
19,Mujer,Ingeniería en Computación,15,5,5,3,5,1,1,1,1,1,3,1,Oficinas,,Matemáticas,Organización,Dedicación,Trabajo en Equipo,Disciplina,8,9,9,7,9,Personal,,Computación,Opción Técnica,Matemáticas,Dibujo,Derecho,10,10,9,10,8,Ninguno,Similar,,,
24,Mujer,Ingeniería Petrolera,18,5,3,5,5,1,5,5,1,5,5,1,Campo,,Idiomas,Programación,Matemáticas,Trabajo en Equipo,Análisis,3,9,9,6,6,Personal,,Matemáticas,Física,Química,Psicología,Computación ,9,10,8,9,8,Carrera de Moda,Diferente,,,
18,Hombre,Ingeniería en Computación,17,5,5,5,5,1,5,5,1,3,5,1,Extranjero,,Programación,Constancia,Disciplina,Planificación,Resolución de Problemas ,8,7,9,7,9,Personal,,Español,Matemáticas,Física,Administración,Computación ,9,8,9,9,10,Carrera de Moda,Diferente,,,
22,Hombre,Ingeniería Biomédica,19,5,5,3,1,1,1,1,1,1,1,5,Otros,,Idiomas,Creatividad,Empatía,Ética,Autodidacta,4,8,9,9,7,Personal,,Biología,Química,Anatomía,Matemáticas,Física,8,7,8,9,9,Carrera Nueva,Diferente,,,
22,Mujer,Ingeniería en Computación,18,4,4,5,1,1,1,1,1,3,5,1,Oficinas,,Resolución de Problemas ,Dedicación,Matemáticas,Organización,Toma de Desiciones,9,7,7,9,10,Personal,,Cibernética,Física,Cálculo,Literatura,Opción técnica,10,9,10,10,10,Carrera de Moda,S/carrera,,,
22,Hombre,Ingeniería en Telecomunicaciones,19,3,1,5,5,1,1,1,1,4,1,1,Campo,,Disciplina,Constancia,Resolución de Problemas ,Dedicación,Análisis,7,8,10,8,3,Personal,,Computación ,Matemáticas,Sociología,Comunicación,Física,10,9,10,10,7,Ninguno,Diferente,,,
18,Hombre,Ingeniería Petrolera,17,5,5,5,5,5,5,4,5,4,5,5,Otros,,Matemáticas,Trabajo en Equipo,Resolución de Problemas,Negociar,Hablar en Público,8,9,9,8,9,Personal,,Cálculo,Química,Física,Estadística,Comunicación,9,8,9,10,8,TV/Medios impresos,S/carrera,,,
20,Hombre,Ingeniería Civil,18,5,5,4,2,5,4,5,5,2,4,4,Otros,,Creatividad,Responsabilidad,Constancia,Inglés,Programación,8,8,7,4,4,Personal,,Física,Química,Inglés,Matemáticas,Cálculo,8,7,7,6,8,Web / Redes Soc,Diferente,,,
22,Hombre,Ingeniería Geomática,17,3,4,2,1,1,1,5,1,1,4,3,Campo,,Software,G. P. S.,Hidráulica,E. Total,Estadísitca,8,6,7,10,8,Personal,,Matemáticas,Física,Química,Programación,Computación,8,8,6,9,7,Ninguno,S/carrera,,,
21,Mujer,Ingeniería en Computación,16,4,5,5,1,3,5,5,1,1,2,5,Oficinas,,Paciencia,Control,Respeto,Empatía,Dedicación,10,7,10,3,10,Personal,,Matemáticas,Cibernética,Física,Inglés,Expresión Gráfica,10,10,8,8,10,Web / Redes Soc,Diferente,,,
22,Mujer,Ingeniería en Computación,17,5,5,4,5,3,5,5,1,4,3,3,Oficinas,,Análisis,Creatividad,Dedicación,Paciencia,Determinación,9,9,9,8,9,Personal,,Cálculo,Cibernética,Física,Inglés,Matemáticas,8,10,7,10,9,Ninguno,Diferente,,,
18,Mujer,Ingeniería en Computación,16,5,5,4,5,5,5,5,1,4,4,5,Extranjero,,Análisis,Imaginación,Resolución de Problemas,Innovación,Creatividad,9,8,9,8,9,Personal,,Informática,Matemáticas,Física,Cálculo,Computación,8,9,7,8,8,Ninguno,S/carrera,,,
19,Hombre,Ingeniería Industrial,18,4,4,2,1,5,1,1,2,2,5,4,Otros,,Liderazgo,Innovación,Estrategía,Razonamiento,Adaptación,7,10,8,10,10,Personal,,Cálculo,Latín,Física,Computación,Matemáticas,10,10,10,10,10,Ninguno,Diferente,,,
21,Hombre,Ingeniería Mecánica,18,5,5,5,5,5,5,1,1,4,5,5,Extranjero,,Creatividad,Ingenio,Razonamiento,Adaptación,Negociar,9,9,8,8,8,Familiares,,Cálculo,Matemáticas,Química,Física,Estadística,9,8,8,8,8,Ninguno,Diferente,,,
21,Hombre,Ingeniería Eléctrica Electrónica,17,4,4,4,4,1,1,4,3,3,1,4,Otros,,Constancia,Matemáticas,Visión,Programación,Física,5,6,8,7,6,Personal,,Física,Matemáticas,Programación,Qúimica,Inglés,8,8,10,9,8,Ninguno,Diferente,,,
22,Mujer,Ingeniería en Telecomunicaciones,17,4,4,4,1,1,1,2,4,4,4,1,Campo,,Razonamiento Matemático,Lógica,Trabajo en Equipo,Creatividad,Autodidacta,8,8,4,8,8,Personal,,Cálculo,Física,Matemáticas,Química,Lógica,10,10,9,10,9,Carrera Nueva,S/carrera,,,
21,Hombre,Ingeniería en Computación,17,4,4,3,3,1,3,1,1,3,4,1,Oficinas,,Razonamiento,Ingenio,Adaptabilidad,Innovación,Resilencia,8,8,8,8,10,Personal,,Cálculo,Física,Cibernética,Estadística,Química,7,9,9,8,8,Ninguno,S/carrera,,,
21,Hombre,Ingeniería en Computación,13,5,5,5,1,1,1,1,1,5,5,4,Oficinas,,Constancia,Extrovertido,Compromiso,Seguridad,Empatía,8,7,9,8,10,Personal,,Matemáticas,Temas Selectos de Matemáticas,Orientación Educativa,Literatura,Cálculo,8,9,10,10,8,Web / Redes Soc,Diferente,,,
21,Mujer,Ingeniería en Computación,18,3,2,4,5,1,1,1,1,4,3,1,Extranjero,,Crítico,Razomaniento Lógico,Razonameinto Matemático,Inteligencia Emocional,Investigación,8,6,5,5,9,Personal,,Computación,Temas Selectos de Matemáticas,Ética,Italiano,Teatro,10,9,10,10,10,Ninguno,Diferente,,,
24,Hombre,Ingeniería Mecatronica,18,4,4,3,4,2,5,5,3,1,4,3,Otros,Fabricas,Trabajo bajo presion,Constacia,Organización,Habilidad Matematica,Responsabilidad,7,6,7,8,9,Personal,,calculo,geometria analitica,Programacion,Matematicas,ingles,6,8,8,7,8,Ninguno,Misma,,,
24,Hombre,Ingeniería en Computación,18,4,3,4,3,3,1,3,3,2,4,2,Otros,En casa,Resolver problemas,Dedicacion,Cretividad,Razonamiento,Trabajo en equipo,6,6,8,8,9,Personal,,Matematicas,Programacion,geometria,Ingles,Calculo,6,6,7,7,7,Ninguno,Diferente,,,
23,Hombre,Ingeniería Mecatronica,18,5,5,3,2,2,5,4,4,1,5,4,Otros,Fabricas,Dedicacion,Organización,Responsabilidad,Empatia,Toma de desiciones,9,7,9,9,9,Personal,,Matematicas,Fundamentos de programacion,contabilidad,dibujo tecnico,Computacion,7,7,7,8,9,Ninguno,S/carrera,,,
24,Hombre,Ingeniería Civil,18,5,4,4,2,3,5,4,3,1,5,5,Campo,,Confianza,Trabajo Bajo presion,Constancia,Manejo de Problemas,Comunicación,9,9,8,9,9,Personal,,dibujo tecnico,Matematicas,Literatura,calculo,Contabilidad,8,9,9,9,8,Ninguno,Misma,,,
24,Mujer,Ingenieria Civil,17,5,5,5,3,4,5,4,4,2,5,5,Campo,,Honestidad,Trabajo en equipo,Disciplina,Trabajo bajo presion,Constancia,8,8,8,8,7,Personal,,dibujo tecnico,Matematicas,Computacion,geometria analitica,ingles,8,8,8,9,9,Ninguno,S/carrera,,,
24,Mujer,Ingeniería en Computación,18,3,3,5,4,4,5,5,5,3,5,4,Oficinas,,Integridad,Planificacion,Confianza,Honestidad,Dedicacion,9,8,9,9,9,Personal,,fundamentos de programacion,Contabilidad,matematicas,Computacion,calculo,8,9,9,9,9,Ninguno,Diferente,,,
24,Mujer,Ingenieria en Minas y Metalurgia,17,4,4,3,2,2,5,5,3,2,4,3,Campo,,Iniciativa,Responsabilidad,Empatia,Honestidad,Organización,9,9,7,9,9,Personal,,calculo,geografia,ingles,dibujo tecnico,quimica,9,10,10,9,10,Ninguno,Diferente,,,
23,Hombre,Ingeniería Mecatronica,17,5,4,5,4,3,1,2,1,2,4,5,Oficinas,,Flexibilidad,Resolver problemas ,Constancia,Responsabilidad,Creatividad,6,7,7,8,8,Personal,,Fisica,geometria analitica,Quimica,Computacion,Calculo,8,8,9,9,7,Ninguno,Diferente,,,
24,Hombre,Ingeniería Mecatronica,18,4,5,4,5,4,5,5,4,2,4,3,Extranjero,,Adaptacion,Habilidad matematica,Dedicacion,Toma de desiciones,Analisis,8,8,7,9,8,Personal,,Fisica,Matematicas,Calculo,Quimica,geometria analitica,7,7,8,8,7,Ninguno,Misma,,,
25,Hombre,Ingeniería en Telecomunicaciones,18,3,3,4,2,2,5,4,2,2,5,4,Oficinas,,Trabajo en equipo,Adaptacion,Planificacion,Toma de desiciones,Analisis,8,7,9,8,8,Personal,,programacion,fisica,matematicas,calculo,ingles,8,9,10,8,7,Ninguno,Diferente,,,
24,Mujer,Ingeniería en Computación,18,5,5,4,1,1,1,1,1,3,1,3,Extranjero,,Organización,Instalación,Resolución de problemas,,,9,9,9,,,Personal,,calculo,Cibernética,Computacion,,,7,10,10,,,Ninguno,S/carrera,,,
23,Hombre,Ingeniería en Telecomunicaciones,18,4,5,1,5,5,5,5,1,3,1,1,Campo,,Ingenio,Responsabilidad,Inteligencia,Constancia,Habilidad matemática,10,6,7,6,7,Personal,,calculo,Cibernética,Probabilidad,Matematicas,Filosofía,8,10,7,8,10,Ninguno,S/carrera,,,
24,Hombre,Ingeniería en Computación,18,5,4,5,1,4,5,5,1,1,4,1,Oficinas,,Programación,Liderazgo,Análisis,,,8,9,8,,,Personal,,calculo,Cibernética,Computacion,,,7,9,8,,,Web / Redes Soc,S/carrera,,,
22,Mujer,Ingeniería en Computación,12,5,4,5,4,4,5,5,5,5,2,4,Extranjero,Oficinas,Pensamiento abstracto,Habilidad matematica,Pensamiento lógico,,,8,8,8,,,Personal,,Informática,Matematicas,,,,9,9,,,,Ninguno,S/carrera,,,
24,Mujer,Ingeniería Petrolera,19,4,4,5,4,1,5,5,5,5,2,2,Campo,Extranjero,Trabajo en equipo,Capacidad de decisción,Habilidad matemática,Trabajo bajo presion,Responsabilidad,9,9,8,8,10,Personal,,Historia,Geografía,matematicas,,,10,10,8,,,TV/Medios impresos,S/carrera,,,
22,Mujer,Ingeniería Geofísica,17,4,4,5,5,5,5,5,5,5,4,5,Extranjero,Campo,Interés por la tierra,Física,Matemática,Trabajo en equipo,,10,10,10,10,,Personal,,calculo,Física,Quimica,Cibernética,Computacion,10,8,8,10,10,Ninguno,Diferente,,,
22,Hombre,Ingeniería Geofísica,18,2,1,4,1,1,4,5,1,4,4,1,Campo,,Trabajo en equipo,Trabajo Bajo presion,Habilidad matemática,,,8,6,8,,,Personal,,calculo,Física,Informática,,,6,6,8,,,Ninguno,S/carrera,,,
23,Hombre,Ingeniería en Computación,18,4,3,3,3,3,5,5,1,1,3,1,Extranjero,,Habilidad mental,Responsabilidad,Resolución de problemas,Liderazgo,Ingles,7,8,9,10,6,Personal,,Informática,Cálculo,,,,8,10,,,,Web / Redes Soc,Diferente,,,
23,Hombre,Ingeniería en Computación,18,4,4,5,5,1,1,5,1,5,5,1,Oficinas,,Creatividad,Resolución de problemas,Pensamiento matemático,,,8,7,9,,,Personal,,Informática,Matematicas,,,,9,7,,,,TV/Medios impresos,S/carrera,,,
23,Mujer,Ingeniería Electrónica,17,5,5,4,3,1,1,1,1,4,2,4,Oficinas,,Matemáticas,Programación,Pensamiento critico,Pensamiento lógico,Pensemiento analítico,10,10,10,10,10,Personal,,Matematicas,Física,Programacion,Análisis de Sistemas y Señales,Español,9,9,9,9,10,Ninguno,S/carrera,,,
25,Hombre,Ingeniería Mecatronica,18,4,5,5,5,5,4,5,4,5,5,5,Oficinas,,Perseverancia,Lógica,Disciplina,Adaptabilidad,Trabajo en equipo,9,9,8,8,8,Personal,,Matematicas,Fisica,Probabilidad,Ingles,geometria analitica,10,10,10,10,10,Ninguno,S/carrera,,,
27,Hombre,Ingeniería Mecatronica,17,4,4,5,5,3,1,2,1,1,5,4,Campo,,Adaptacion,Creatividad,Trabajo en Equipo,Honestidad,Comunicación,9,8,9,8,8,Personal,,Matematicas,fisica,Electronica,Sistemas,quimica,9,8,9,8,7,Ninguno,Diferente,,,
23,Mujer,Ingeiería en Computación,18,4,3,4,3,3,4,4,1,1,2,2,Oficinas,,Tolerancia al fracaso,Resposabilidad,Creativo,Pensamiento lógico,Trabajo en equipo,8,8,8,9,8,Personal,,Matematicas,fisica,Calculo,Fundamentos de programación,geometria analitica,8,7,7,8,7,Ninguno,Diferente,,,
30,Hombre,Ingeniería Electrica Electrónica,19,4,5,2,1,1,1,1,3,3,2,1,Oficinas,,Creatividad,Constacia,Trabajo en Equipo,Pensamiento lógico,Pensamiento analítico,8,9,8,9,9,Personal,,Algebra,fisica,Calculo,Probabilidad,geometria analitica,8,7,9,8,10,Ninguno,S/carrera,,,
21,Hombre,Ingeniería Geofísica,16,4,4,3,3,1,1,1,1,1,4,3,Campo,,Trabajar bajo presión,Responsabilidad,Pensamiento Critico,Lógica,Organización,9,9,9,8,9,Personal,,Algebra,Fisica,Geografía,geometria analitica,Calculo,9,9,9,9,9,Ninguno,Misma,,,
22,Hombre,Ingeniería Industrial,17,5,5,3,3,3,2,2,1,1,5,4,Extranjero,,Liderazgo,Planificacion,Pensamiento lógico,Responsabilidad,Trabajo en equipo,8,8,9,8,9,Personal,,Matematicas,Ingles,Fundamentos de Programación,Probabilidad,Filosofía,9,9,8,8,9,Ninguno,Diferente,,,
26,Mujer,Ingeniería Mecatronica,17,5,5,2,2,3,2,3,2,3,4,5,Extranjero,,Programación,Pensamiento lógico,Pensamiento analítico,Pensamiento Crítico,Trabajo en equipo,8,9,9,9,9,Personal,,Calculo,geometria analitica,Algebra,Probabilidad,Lengua Española,9,9,9,9,9,Ninguno,Diferente,,,
26,Hombre,Ingeniería Mecatronica,18,4,5,1,2,2,3,2,3,1,5,4,Oficinas,,Trabajo en equipo,Pensamiento analítico,Pensamiento lógico,Responsabilidad,Pensamiento Matemático,8,10,10,8,10,Personal,,Algebra,Calculo,Geometría Analítica,Física,Lengua Española,8,10,9,9,10,Ninguno,S/carrera,,,
23,Mujer,Ingeniería en Computación,16,4,4,5,5,3,4,5,3,2,4,1,Oficinas,Extranjero,Trabajo en equipo,Responsabilidad,Pensamiento crítico,Perseverancia,Pensamiento lógico,8,8,8,9,10,Personal,,Geometría analítica,Lógica,Álgebra,Física,Psicología,10,9,8,9,8,Ninguno,Diferente,,,
,,,,,,,,,,,,,,,,,,,,,,,,,,,,,,,,,,,,,,,,,,,
,,,,,,,,,,,,,,,,,,,,,,,,,,,,,,,,,,,,,,,,,,,
,,,,,,,,,,,,,,,,,,,,,,,,,,,,,,,,,,,,,,,,,,,
,,,,,,,,,,,,,,,,,,,,,,,,,,,,,,,,,,,,,,,,,,,
,,,,,,,,,,,,,,,,,,,,,,,,,,,,,,,,,,,,,,,,,,,
,,,,,,,,,,,,,,,,,,,,,,,,,,,,,,,,,,,,,,,,,,,
,,,,,,,,,,,,,,,,,,,,,,,,,,,,,,,,,,,,,,,,,,,
,,,,,,,,,,,,,,,,,,,,,,,,,,,,,,,,,,,,,,,,,,,
,,,,,,,,,,,,,,,,,,,,,,,,,,,,,,,,,,,,,,,,,,,
,,,,,,,,,,,,,,,,,,,,,,,,,,,,,,,,,,,,,,,,,,,
,,,,,,,,,,,,,,,,,,,,,,,,,,,,,,,,,,,,,,,,,,,
,,,,,,,,,,,,,,,,,,,,,,,,,,,,,,,,,,,,,,,,,,,
,,,,,,,,,,,,,,,,,,,,,,,,,,,,,,,,,,,,,,,,,,,
,,,,,,,,,,,,,,,,,,,,,,,,,,,,,,,,,,,,,,,,,,,
,,,,,,,,,,,,,,,,,,,,,,,,,,,,,,,,,,,,,,,,,,,
,,,,,,,,,,,,,,,,,,,,,,,,,,,,,,,,,,,,,,,,,,,
,,,,,,,,,,,,,,,,,,,,,,,,,,,,,,,,,,,,,,,,,,,
,,,,,,,,,,,,,,,,,,,,,,,,,,,,,,,,,,,,,,,,,,,
,,,,,,,,,,,,,,,,,,,,,,,,,,,,,,,,,,,,,,,,,,,
,,,,,,,,,,,,,,,,,,,,,,,,,,,,,,,,,,,,,,,,,,,
,,,,,,,,,,,,,,,,,,,,,,,,,,,,,,,,,,,,,,,,,,,
,,,,,,,,,,,,,,,,,,,,,,,,,,,,,,,,,,,,,,,,,,,
,,,,,,,,,,,,,,,,,,,,,,,,,,,,,,,,,,,,,,,,,,,
,,,,,,,,,,,,,,,,,,,,,,,,,,,,,,,,,,,,,,,,,,,
,,,,,,,,,,,,,,,,,,,,,,,,,,,,,,,,,,,,,,,,,,,
,,,,,,,,,,,,,,,,,,,,,,,,,,,,,,,,,,,,,,,,,,,
,,,,,,,,,,,,,,,,,,,,,,,,,,,,,,,,,,,,,,,,,,,
,,,,,,,,,,,,,,,,,,,,,,,,,,,,,,,,,,,,,,,,,,,
,,,,,,,,,,,,,,,,,,,,,,,,,,,,,,,,,,,,,,,,,,,
,,,,,,,,,,,,,,,,,,,,,,,,,,,,,,,,,,,,,,,,,,,
,,,,,,,,,,,,,,,,,,,,,,,,,,,,,,,,,,,,,,,,,,,
,,,,,,,,,,,,,,,,,,,,,,,,,,,,,,,,,,,,,,,,,,,
,,,,,,,,,,,,,,,,,,,,,,,,,,,,,,,,,,,,,,,,,,,
,,,,,,,,,,,,,,,,,,,,,,,,,,,,,,,,,,,,,,,,,,,
,,,,,,,,,,,,,,,,,,,,,,,,,,,,,,,,,,,,,,,,,,,
,,,,,,,,,,,,,,,,,,,,,,,,,,,,,,,,,,,,,,,,,,,
,,,,,,,,,,,,,,,,,,,,,,,,,,,,,,,,,,,,,,,,,,,
,,,,,,,,,,,,,,,,,,,,,,,,,,,,,,,,,,,,,,,,,,,
,,,,,,,,,,,,,,,,,,,,,,,,,,,,,,,,,,,,,,,,,,,
,,,,,,,,,,,,,,,,,,,,,,,,,,,,,,,,,,,,,,,,,,,
,,,,,,,,,,,,,,,,,,,,,,,,,,,,,,,,,,,,,,,,,,,
,,,,,,,,,,,,,,,,,,,,,,,,,,,,,,,,,,,,,,,,,,,
,,,,,,,,,,,,,,,,,,,,,,,,,,,,,,,,,,,,,,,,,,,
,,,,,,,,,,,,,,,,,,,,,,,,,,,,,,,,,,,,,,,,,,,
,,,,,,,,,,,,,,,,,,,,,,,,,,,,,,,,,,,,,,,,,,,
,,,,,,,,,,,,,,,,,,,,,,,,,,,,,,,,,,,,,,,,,,,
,,,,,,,,,,,,,,,,,,,,,,,,,,,,,,,,,,,,,,,,,,,
,,,,,,,,,,,,,,,,,,,,,,,,,,,,,,,,,,,,,,,,,,,
,,,,,,,,,,,,,,,,,,,,,,,,,,,,,,,,,,,,,,,,,,,
,,,,,,,,,,,,,,,,,,,,,,,,,,,,,,,,,,,,,,,,,,,
,,,,,,,,,,,,,,,,,,,,,,,,,,,,,,,,,,,,,,,,,,,
,,,,,,,,,,,,,,,,,,,,,,,,,,,,,,,,,,,,,,,,,,,
,,,,,,,,,,,,,,,,,,,,,,,,,,,,,,,,,,,,,,,,,,,
,,,,,,,,,,,,,,,,,,,,,,,,,,,,,,,,,,,,,,,,,,,
,,,,,,,,,,,,,,,,,,,,,,,,,,,,,,,,,,,,,,,,,,,
,,,,,,,,,,,,,,,,,,,,,,,,,,,,,,,,,,,,,,,,,,,
,,,,,,,,,,,,,,,,,,,,,,,,,,,,,,,,,,,,,,,,,,,
,,,,,,,,,,,,,,,,,,,,,,,,,,,,,,,,,,,,,,,,,,,
,,,,,,,,,,,,,,,,,,,,,,,,,,,,,,,,,,,,,,,,,,,
,,,,,,,,,,,,,,,,,,,,,,,,,,,,,,,,,,,,,,,,,,,
,,,,,,,,,,,,,,,,,,,,,,,,,,,,,,,,,,,,,,,,,,,
,,,,,,,,,,,,,,,,,,,,,,,,,,,,,,,,,,,,,,,,,,,
,,,,,,,,,,,,,,,,,,,,,,,,,,,,,,,,,,,,,,,,,,,
,,,,,,,,,,,,,,,,,,,,,,,,,,,,,,,,,,,,,,,,,,,
,,,,,,,,,,,,,,,,,,,,,,,,,,,,,,,,,,,,,,,,,,,
,,,,,,,,,,,,,,,,,,,,,,,,,,,,,,,,,,,,,,,,,,,
,,,,,,,,,,,,,,,,,,,,,,,,,,,,,,,,,,,,,,,,,,,
,,,,,,,,,,,,,,,,,,,,,,,,,,,,,,,,,,,,,,,,,,,
,,,,,,,,,,,,,,,,,,,,,,,,,,,,,,,,,,,,,,,,,,,
,,,,,,,,,,,,,,,,,,,,,,,,,,,,,,,,,,,,,,,,,,,
,,,,,,,,,,,,,,,,,,,,,,,,,,,,,,,,,,,,,,,,,,,
,,,,,,,,,,,,,,,,,,,,,,,,,,,,,,,,,,,,,,,,,,,
,,,,,,,,,,,,,,,,,,,,,,,,,,,,,,,,,,,,,,,,,,,
,,,,,,,,,,,,,,,,,,,,,,,,,,,,,,,,,,,,,,,,,,,
,,,,,,,,,,,,,,,,,,,,,,,,,,,,,,,,,,,,,,,,,,,
,,,,,,,,,,,,,,,,,,,,,,,,,,,,,,,,,,,,,,,,,,,
,,,,,,,,,,,,,,,,,,,,,,,,,,,,,,,,,,,,,,,,,,,
,,,,,,,,,,,,,,,,,,,,,,,,,,,,,,,,,,,,,,,,,,,
,,,,,,,,,,,,,,,,,,,,,,,,,,,,,,,,,,,,,,,,,,,
,,,,,,,,,,,,,,,,,,,,,,,,,,,,,,,,,,,,,,,,,,,
,,,,,,,,,,,,,,,,,,,,,,,,,,,,,,,,,,,,,,,,,,,
,,,,,,,,,,,,,,,,,,,,,,,,,,,,,,,,,,,,,,,,,,,
,,,,,,,,,,,,,,,,,,,,,,,,,,,,,,,,,,,,,,,,,,,
,,,,,,,,,,,,,,,,,,,,,,,,,,,,,,,,,,,,,,,,,,,
,,,,,,,,,,,,,,,,,,,,,,,,,,,,,,,,,,,,,,,,,,,
,,,,,,,,,,,,,,,,,,,,,,,,,,,,,,,,,,,,,,,,,,,
,,,,,,,,,,,,,,,,,,,,,,,,,,,,,,,,,,,,,,,,,,,
,,,,,,,,,,,,,,,,,,,,,,,,,,,,,,,,,,,,,,,,,,,
,,,,,,,,,,,,,,,,,,,,,,,,,,,,,,,,,,,,,,,,,,,
,,,,,,,,,,,,,,,,,,,,,,,,,,,,,,,,,,,,,,,,,,,
,,,,,,,,,,,,,,,,,,,,,,,,,,,,,,,,,,,,,,,,,,,
,,,,,,,,,,,,,,,,,,,,,,,,,,,,,,,,,,,,,,,,,,,
,,,,,,,,,,,,,,,,,,,,,,,,,,,,,,,,,,,,,,,,,,,
,,,,,,,,,,,,,,,,,,,,,,,,,,,,,,,,,,,,,,,,,,,
,,,,,,,,,,,,,,,,,,,,,,,,,,,,,,,,,,,,,,,,,,,
,,,,,,,,,,,,,,,,,,,,,,,,,,,,,,,,,,,,,,,,,,,
,,,,,,,,,,,,,,,,,,,,,,,,,,,,,,,,,,,,,,,,,,,
,,,,,,,,,,,,,,,,,,,,,,,,,,,,,,,,,,,,,,,,,,,
,,,,,,,,,,,,,,,,,,,,,,,,,,,,,,,,,,,,,,,,,,,
,,,,,,,,,,,,,,,,,,,,,,,,,,,,,,,,,,,,,,,,,,,
,,,,,,,,,,,,,,,,,,,,,,,,,,,,,,,,,,,,,,,,,,,
,,,,,,,,,,,,,,,,,,,,,,,,,,,,,,,,,,,,,,,,,,,
,,,,,,,,,,,,,,,,,,,,,,,,,,,,,,,,,,,,,,,,,,,
,,,,,,,,,,,,,,,,,,,,,,,,,,,,,,,,,,,,,,,,,,,
,,,,,,,,,,,,,,,,,,,,,,,,,,,,,,,,,,,,,,,,,,,
,,,,,,,,,,,,,,,,,,,,,,,,,,,,,,,,,,,,,,,,,,,
,,,,,,,,,,,,,,,,,,,,,,,,,,,,,,,,,,,,,,,,,,,
,,,,,,,,,,,,,,,,,,,,,,,,,,,,,,,,,,,,,,,,,,,
,,,,,,,,,,,,,,,,,,,,,,,,,,,,,,,,,,,,,,,,,,,
,,,,,,,,,,,,,,,,,,,,,,,,,,,,,,,,,,,,,,,,,,,
,,,,,,,,,,,,,,,,,,,,,,,,,,,,,,,,,,,,,,,,,,,
,,,,,,,,,,,,,,,,,,,,,,,,,,,,,,,,,,,,,,,,,,,
,,,,,,,,,,,,,,,,,,,,,,,,,,,,,,,,,,,,,,,,,,,
,,,,,,,,,,,,,,,,,,,,,,,,,,,,,,,,,,,,,,,,,,,
,,,,,,,,,,,,,,,,,,,,,,,,,,,,,,,,,,,,,,,,,,,
,,,,,,,,,,,,,,,,,,,,,,,,,,,,,,,,,,,,,,,,,,,
,,,,,,,,,,,,,,,,,,,,,,,,,,,,,,,,,,,,,,,,,,,
,,,,,,,,,,,,,,,,,,,,,,,,,,,,,,,,,,,,,,,,,,,
,,,,,,,,,,,,,,,,,,,,,,,,,,,,,,,,,,,,,,,,,,,
,,,,,,,,,,,,,,,,,,,,,,,,,,,,,,,,,,,,,,,,,,,
,,,,,,,,,,,,,,,,,,,,,,,,,,,,,,,,,,,,,,,,,,,
,,,,,,,,,,,,,,,,,,,,,,,,,,,,,,,,,,,,,,,,,,,
,,,,,,,,,,,,,,,,,,,,,,,,,,,,,,,,,,,,,,,,,,,
,,,,,,,,,,,,,,,,,,,,,,,,,,,,,,,,,,,,,,,,,,,
,,,,,,,,,,,,,,,,,,,,,,,,,,,,,,,,,,,,,,,,,,,
,,,,,,,,,,,,,,,,,,,,,,,,,,,,,,,,,,,,,,,,,,,
,,,,,,,,,,,,,,,,,,,,,,,,,,,,,,,,,,,,,,,,,,,
,,,,,,,,,,,,,,,,,,,,,,,,,,,,,,,,,,,,,,,,,,,
,,,,,,,,,,,,,,,,,,,,,,,,,,,,,,,,,,,,,,,,,,,
,,,,,,,,,,,,,,,,,,,,,,,,,,,,,,,,,,,,,,,,,,,
,,,,,,,,,,,,,,,,,,,,,,,,,,,,,,,,,,,,,,,,,,,
,,,,,,,,,,,,,,,,,,,,,,,,,,,,,,,,,,,,,,,,,,,
,,,,,,,,,,,,,,,,,,,,,,,,,,,,,,,,,,,,,,,,,,,
,,,,,,,,,,,,,,,,,,,,,,,,,,,,,,,,,,,,,,,,,,,
,,,,,,,,,,,,,,,,,,,,,,,,,,,,,,,,,,,,,,,,,,,
,,,,,,,,,,,,,,,,,,,,,,,,,,,,,,,,,,,,,,,,,,,
,,,,,,,,,,,,,,,,,,,,,,,,,,,,,,,,,,,,,,,,,,,
,,,,,,,,,,,,,,,,,,,,,,,,,,,,,,,,,,,,,,,,,,,
,,,,,,,,,,,,,,,,,,,,,,,,,,,,,,,,,,,,,,,,,,,
,,,,,,,,,,,,,,,,,,,,,,,,,,,,,,,,,,,,,,,,,,,
,,,,,,,,,,,,,,,,,,,,,,,,,,,,,,,,,,,,,,,,,,,
,,,,,,,,,,,,,,,,,,,,,,,,,,,,,,,,,,,,,,,,,,,
,,,,,,,,,,,,,,,,,,,,,,,,,,,,,,,,,,,,,,,,,,,
,,,,,,,,,,,,,,,,,,,,,,,,,,,,,,,,,,,,,,,,,,,
,,,,,,,,,,,,,,,,,,,,,,,,,,,,,,,,,,,,,,,,,,,
,,,,,,,,,,,,,,,,,,,,,,,,,,,,,,,,,,,,,,,,,,,
,,,,,,,,,,,,,,,,,,,,,,,,,,,,,,,,,,,,,,,,,,,
,,,,,,,,,,,,,,,,,,,,,,,,,,,,,,,,,,,,,,,,,,,
,,,,,,,,,,,,,,,,,,,,,,,,,,,,,,,,,,,,,,,,,,,
,,,,,,,,,,,,,,,,,,,,,,,,,,,,,,,,,,,,,,,,,,,
,,,,,,,,,,,,,,,,,,,,,,,,,,,,,,,,,,,,,,,,,,,
,,,,,,,,,,,,,,,,,,,,,,,,,,,,,,,,,,,,,,,,,,,
,,,,,,,,,,,,,,,,,,,,,,,,,,,,,,,,,,,,,,,,,,,
,,,,,,,,,,,,,,,,,,,,,,,,,,,,,,,,,,,,,,,,,,,
,,,,,,,,,,,,,,,,,,,,,,,,,,,,,,,,,,,,,,,,,,,
,,,,,,,,,,,,,,,,,,,,,,,,,,,,,,,,,,,,,,,,,,,
,,,,,,,,,,,,,,,,,,,,,,,,,,,,,,,,,,,,,,,,,,,
,,,,,,,,,,,,,,,,,,,,,,,,,,,,,,,,,,,,,,,,,,,
,,,,,,,,,,,,,,,,,,,,,,,,,,,,,,,,,,,,,,,,,,,
,,,,,,,,,,,,,,,,,,,,,,,,,,,,,,,,,,,,,,,,,,,
,,,,,,,,,,,,,,,,,,,,,,,,,,,,,,,,,,,,,,,,,,,
,,,,,,,,,,,,,,,,,,,,,,,,,,,,,,,,,,,,,,,,,,,
,,,,,,,,,,,,,,,,,,,,,,,,,,,,,,,,,,,,,,,,,,,
,,,,,,,,,,,,,,,,,,,,,,,,,,,,,,,,,,,,,,,,,,,
,,,,,,,,,,,,,,,,,,,,,,,,,,,,,,,,,,,,,,,,,,,
,,,,,,,,,,,,,,,,,,,,,,,,,,,,,,,,,,,,,,,,,,,
,,,,,,,,,,,,,,,,,,,,,,,,,,,,,,,,,,,,,,,,,,,
,,,,,,,,,,,,,,,,,,,,,,,,,,,,,,,,,,,,,,,,,,,
,,,,,,,,,,,,,,,,,,,,,,,,,,,,,,,,,,,,,,,,,,,
,,,,,,,,,,,,,,,,,,,,,,,,,,,,,,,,,,,,,,,,,,,
,,,,,,,,,,,,,,,,,,,,,,,,,,,,,,,,,,,,,,,,,,,
,,,,,,,,,,,,,,,,,,,,,,,,,,,,,,,,,,,,,,,,,,,
,,,,,,,,,,,,,,,,,,,,,,,,,,,,,,,,,,,,,,,,,,,
,,,,,,,,,,,,,,,,,,,,,,,,,,,,,,,,,,,,,,,,,,,
,,,,,,,,,,,,,,,,,,,,,,,,,,,,,,,,,,,,,,,,,,,
,,,,,,,,,,,,,,,,,,,,,,,,,,,,,,,,,,,,,,,,,,,
,,,,,,,,,,,,,,,,,,,,,,,,,,,,,,,,,,,,,,,,,,,
,,,,,,,,,,,,,,,,,,,,,,,,,,,,,,,,,,,,,,,,,,,
,,,,,,,,,,,,,,,,,,,,,,,,,,,,,,,,,,,,,,,,,,,
,,,,,,,,,,,,,,,,,,,,,,,,,,,,,,,,,,,,,,,,,,,
,,,,,,,,,,,,,,,,,,,,,,,,,,,,,,,,,,,,,,,,,,,
,,,,,,,,,,,,,,,,,,,,,,,,,,,,,,,,,,,,,,,,,,,
,,,,,,,,,,,,,,,,,,,,,,,,,,,,,,,,,,,,,,,,,,,
,,,,,,,,,,,,,,,,,,,,,,,,,,,,,,,,,,,,,,,,,,,
,,,,,,,,,,,,,,,,,,,,,,,,,,,,,,,,,,,,,,,,,,,
,,,,,,,,,,,,,,,,,,,,,,,,,,,,,,,,,,,,,,,,,,,
,,,,,,,,,,,,,,,,,,,,,,,,,,,,,,,,,,,,,,,,,,,
,,,,,,,,,,,,,,,,,,,,,,,,,,,,,,,,,,,,,,,,,,,
,,,,,,,,,,,,,,,,,,,,,,,,,,,,,,,,,,,,,,,,,,,
,,,,,,,,,,,,,,,,,,,,,,,,,,,,,,,,,,,,,,,,,,,
,,,,,,,,,,,,,,,,,,,,,,,,,,,,,,,,,,,,,,,,,,,
,,,,,,,,,,,,,,,,,,,,,,,,,,,,,,,,,,,,,,,,,,,
